loan_id,borrower_id,borrower_name,loan_type,origination_date,maturity_date,original_principal,current_balance,interest_rate,term_months,borrower_state,loan_purpose,credit_grade,employment_length,income_band,payment_status,days_past_due,servicer_name,last_payment_date,last_updated_at,document_status,source_system
LN-1001,BW-501,Kimberly Walker,JUMBO,2023-08-04,2053-08-04,293000,288853,5.23,360,CT,PURCHASE,D,11 years,$75k-$100k,CURRENT,0,PennyMac Loan Services,2024-08-01,2024-08-15,COMPLETE,ORIGINATION_LOS
LN-1002,BW-502,Mark Sanchez,JUMBO,2023-12-13,2053-12-13,571000,567410,7.32,360,CO,PURCHASE,D,5 years,$150k+,CURRENT,0,Chase Home Lending,2024-08-01,2024-08-15,COMPLETE,ORIGINATION_LOS
LN-1003,BW-503,Sandra Martinez,CONVENTIONAL,2021-05-04,2051-05-04,331000,320464,7.64,360,MN,PURCHASE,A,11 years,$150k+,CURRENT,0,Rocket Mortgage Servicing,2024-08-01,2024-08-15,COMPLETE,ORIGINATION_LOS
LN-1004,BW-504,Christopher Clark,JUMBO,2021-01-06,2051-01-06,482000,461912,6.76,360,UT,PURCHASE,C,8 years,$75k-$100k,CURRENT,0,Wells Fargo Servicing,2024-08-01,2024-08-15,COMPLETE,ORIGINATION_LOS
LN-1005,BW-505,Jessica Miller,VA,2022-03-18,2052-03-18,473000,457730,5.77,360,PA,PURCHASE,B,6 years,$50k-$75k,CURRENT,0,Chase Home Lending,2024-08-01,2024-08-15,COMPLETE,ORIGINATION_LOS
LN-1006,BW-506,Susan Jones,USDA,2022-10-02,2052-10-02,431000,419850,5.37,360,WI,PURCHASE,B,11 years,$50k-$75k,CURRENT,0,Nationstar Mortgage,2024-08-01,2024-08-15,COMPLETE,ORIGINATION_LOS
LN-1007,BW-507,William Flores,USDA,2021-02-20,2051-02-20,266000,252178,5.34,360,AZ,PURCHASE,D,4 years,$150k+,CURRENT,0,Wells Fargo Servicing,2024-08-01,2024-08-15,COMPLETE,ORIGINATION_LOS
LN-1008,BW-508,David Scott,CONVENTIONAL,2021-05-08,2051-05-08,264000,252354,5.82,360,KY,PURCHASE,D,12 years,$75k-$100k,CURRENT,0,Rocket Mortgage Servicing,2024-08-01,2024-08-15,COMPLETE,ORIGINATION_LOS
LN-1009,BW-509,David Nguyen,USDA,2023-02-28,2053-02-28,523000,514919,7.02,360,KY,PURCHASE,B,5 years,$50k-$75k,CURRENT,0,Rocket Mortgage Servicing,2024-08-01,2024-08-15,COMPLETE,ORIGINATION_LOS
,BW-510,Donna Martin,JUMBO,2022-09-27,2052-09-27,252000,245699,5.82,360,MA,PURCHASE,C,7 years,$150k+,CURRENT,0,Chase Home Lending,2024-08-01,2024-08-15,COMPLETE,ORIGINATION_LOS
LN-1011,BW-511,Matthew Lopez,VA,2022-02-23,2052-02-23,641000,620512,6.03,360,GA,PURCHASE,A,3 years,$100k-$150k,CURRENT,0,Wells Fargo Servicing,2024-08-01,2024-08-15,COMPLETE,ORIGINATION_LOS
LN-1012,BW-512,Daniel Hernandez,USDA,2021-06-02,2051-06-02,339000,324158,5.7,360,SC,PURCHASE,A,9 years,$100k-$150k,CURRENT,0,Freedom Mortgage,2024-08-01,2024-08-15,COMPLETE,ORIGINATION_LOS
LN-1013,BW-513,Anthony Robinson,USDA,2022-03-12,2052-03-12,500000,486331,6.69,360,IL,PURCHASE,A,7 years,$100k-$150k,CURRENT,0,PennyMac Loan Services,2024-08-01,2024-08-15,COMPLETE,ORIGINATION_LOS
LN-1014,BW-514,Elizabeth Thompson,USDA,2023-07-01,2053-07-01,238000,234687,5.77,360,NC,PURCHASE,B,7 years,$50k-$75k,CURRENT,0,Wells Fargo Servicing,2024-08-01,2024-08-15,COMPLETE,ORIGINATION_LOS
LN-1015,BW-515,James Anderson,JUMBO,2022-05-12,2052-05-12,573000,558948,6.86,360,OR,PURCHASE,B,8 years,$150k+,CURRENT,0,Wells Fargo Servicing,2024-08-01,2024-08-15,COMPLETE,ORIGINATION_LOS
LN-1016,BW-516,Lisa Hill,USDA,2023-04-21,2053-04-21,388000,383346,7.69,360,UT,PURCHASE,D,6 years,$50k-$75k,CURRENT,0,PennyMac Loan Services,2024-08-01,2024-08-15,COMPLETE,ORIGINATION_LOS
LN-1017,BW-517,Sarah Robinson,JUMBO,2021-05-16,2051-05-16,641000,617094,6.77,360,OK,PURCHASE,B,6 years,$50k-$75k,CURRENT,0,Nationstar Mortgage,2024-08-01,2024-08-15,COMPLETE,ORIGINATION_LOS
LN-1018,BW-518,William Brown,JUMBO,2023-02-08,2053-02-08,388000,382152,7.15,360,MN,PURCHASE,D,2 years,$50k-$75k,CURRENT,0,Freedom Mortgage,2024-08-01,2024-08-15,COMPLETE,ORIGINATION_LOS
LN-1019,BW-519,James Lopez,USDA,2022-09-19,2052-09-19,395000,382658,4.56,360,OK,PURCHASE,C,8 years,$50k-$75k,CURRENT,0,Wells Fargo Servicing,2024-08-01,2024-08-15,COMPLETE,ORIGINATION_LOS
LN-1010,BW-520,Linda Hernandez,CONVENTIONAL,2021-09-03,2051-09-03,585000,561948,5.79,360,NY,PURCHASE,C,7 years,$100k-$150k,CURRENT,0,Wells Fargo Servicing,2024-08-01,2024-08-15,COMPLETE,ORIGINATION_LOS
LN-1021,BW-521,Jennifer Robinson,CONVENTIONAL,2021-09-28,2051-09-28,429000,413361,6.23,360,TX,PURCHASE,A,6 years,$75k-$100k,CURRENT,0,Nationstar Mortgage,2024-08-01,2024-08-15,COMPLETE,ORIGINATION_LOS
LN-1022,BW-522,Steven Hill,VA,2023-11-12,2053-11-12,570000,565860,7.2,360,AL,PURCHASE,B,3 years,$50k-$75k,CURRENT,0,Rocket Mortgage Servicing,2024-08-01,2024-08-15,COMPLETE,ORIGINATION_LOS
LN-1023,BW-523,Andrew Robinson,VA,2021-09-16,2051-09-16,504000,482373,5.3,360,AZ,PURCHASE,B,12 years,$50k-$75k,CURRENT,0,Freedom Mortgage,2024-08-01,2024-08-15,COMPLETE,ORIGINATION_LOS
LN-1024,BW-524,Michelle Martinez,VA,2021-10-18,2051-10-18,182000,176939,7.54,360,OH,PURCHASE,A,9 years,$75k-$100k,CURRENT,0,Freedom Mortgage,2024-08-01,2024-08-15,COMPLETE,ORIGINATION_LOS
LN-1025,BW-525,Joshua Nguyen,VA,2021-12-23,2051-12-23,227000,220895,7.36,360,OK,PURCHASE,A,7 years,$75k-$100k,CURRENT,0,Wells Fargo Servicing,2024-08-01,2024-08-15,COMPLETE,ORIGINATION_LOS
LN-1026,BW-526,Nancy Walker,JUMBO,2021-11-03,2051-11-03,193000,185009,5.14,360,MD,PURCHASE,A,12 years,$75k-$100k,CURRENT,0,Wells Fargo Servicing,2024-08-01,2024-08-15,COMPLETE,ORIGINATION_LOS
LN-1027,BW-527,Betty Martin,FHA,2022-02-21,2052-02-21,468000,451853,5.6,360,CA,PURCHASE,C,7 years,$50k-$75k,CURRENT,0,PennyMac Loan Services,2024-08-01,2024-08-15,COMPLETE,ORIGINATION_LOS
LN-1028,BW-528,Michael Taylor,JUMBO,2023-02-08,2053-02-08,627000,613319,5.15,360,VA,PURCHASE,C,2 years,$100k-$150k,CURRENT,0,Nationstar Mortgage,2024-08-01,2024-08-15,COMPLETE,ORIGINATION_LOS
LN-1029,BW-529,Matthew Smith,JUMBO,2021-02-06,2051-02-06,460000,434857,5.04,360,MI,PURCHASE,D,11 years,$100k-$150k,CURRENT,0,PennyMac Loan Services,2024-08-01,2024-08-15,COMPLETE,ORIGINATION_LOS
LN-1030,BW-530,Alice Johnson,CONVENTIONAL,2024-01-15,2052-03-20,350000,535442,6.18,360,VA,PURCHASE,A,6 years,$50k-$75k,CURRENT,0,Wells Fargo Servicing,2024-08-01,2024-08-15,COMPLETE,ORIGINATION_LOS
LN-1031,BW-531,Ashley Lee,USDA,2022-10-27,2052-10-27,338000,330462,6.19,360,CO,PURCHASE,D,6 years,$50k-$75k,CURRENT,0,Wells Fargo Servicing,2024-08-01,2024-08-15,COMPLETE,ORIGINATION_LOS
LN-1032,BW-532,Susan Lewis,VA,2021-09-12,2051-09-12,549000,531165,6.87,360,FL,PURCHASE,B,7 years,$50k-$75k,CURRENT,0,Freedom Mortgage,2024-08-01,2024-08-15,COMPLETE,ORIGINATION_LOS
LN-1033,BW-533,Elizabeth Nguyen,VA,2023-08-07,2053-08-07,244000,240930,5.87,360,IN,PURCHASE,A,2 years,$75k-$100k,CURRENT,0,Wells Fargo Servicing,2024-08-01,2024-08-15,COMPLETE,ORIGINATION_LOS
LN-1034,BW-534,Christopher Hernandez,JUMBO,2022-01-12,2052-01-12,496000,478950,5.82,360,NY,PURCHASE,D,7 years,$100k-$150k,CURRENT,0,PennyMac Loan Services,2024-08-01,2024-08-15,COMPLETE,ORIGINATION_LOS
LN-1035,BW-535,Mary Lewis,FHA,2021-08-23,2051-08-23,490000,469846,5.72,360,MO,PURCHASE,C,10 years,$150k+,CURRENT,0,Freedom Mortgage,2024-08-01,2024-08-15,COMPLETE,ORIGINATION_LOS
LN-1036,BW-536,Elizabeth Gonzalez,VA,2022-10-05,2052-10-05,552000,537796,5.4,360,VA,PURCHASE,C,4 years,$150k+,CURRENT,0,Wells Fargo Servicing,2024-08-01,2024-08-15,COMPLETE,ORIGINATION_LOS
LN-1037,BW-537,Jennifer Thomas,VA,2022-03-18,2052-03-18,547000,534846,7.8,360,WA,PURCHASE,C,3 years,$75k-$100k,CURRENT,0,Nationstar Mortgage,2024-08-01,2024-08-15,COMPLETE,ORIGINATION_LOS
LN-1038,BW-538,Paul Jackson,CONVENTIONAL,2021-02-11,2051-02-11,203000,194538,6.61,360,CT,PURCHASE,D,12 years,$150k+,CURRENT,0,Freedom Mortgage,2024-08-01,2024-08-15,COMPLETE,ORIGINATION_LOS
LN-1039,BW-539,Kimberly Sanchez,FHA,2022-06-28,2052-06-28,602000,590240,7.85,360,CA,PURCHASE,A,9 years,$75k-$100k,CURRENT,0,Rocket Mortgage Servicing,2024-08-01,2024-08-15,COMPLETE,ORIGINATION_LOS
LN-1040,BW-540,Donna Martin,USDA,INVALID_DATE_FORMAT,2053-02-15,165000,162441,7,360,IN,PURCHASE,A,11 years,$100k-$150k,CURRENT,0,Nationstar Mortgage,2024-08-01,2024-08-15,COMPLETE,ORIGINATION_LOS
LN-1041,BW-541,Lisa Torres,JUMBO,2021-09-09,2051-09-09,161000,153960,5.19,360,NV,PURCHASE,B,8 years,$100k-$150k,CURRENT,0,Freedom Mortgage,2024-08-01,2024-08-15,COMPLETE,ORIGINATION_LOS
LN-1042,BW-542,Michelle Anderson,USDA,2023-09-01,2053-09-01,412000,408557,7.54,360,NY,PURCHASE,C,2 years,$100k-$150k,CURRENT,0,Nationstar Mortgage,2024-08-01,2024-08-15,COMPLETE,ORIGINATION_LOS
LN-1043,BW-543,Mary Harris,FHA,2022-09-06,2052-09-06,271000,262934,4.84,360,NY,PURCHASE,C,11 years,$100k-$150k,CURRENT,0,Wells Fargo Servicing,2024-08-01,2024-08-15,COMPLETE,ORIGINATION_LOS
LN-1044,BW-544,Richard Flores,CONVENTIONAL,2022-06-17,2052-06-17,327000,317053,5.45,360,MO,PURCHASE,A,10 years,$50k-$75k,CURRENT,0,Freedom Mortgage,2024-08-01,2024-08-15,COMPLETE,ORIGINATION_LOS
LN-1045,BW-545,John Martin,FHA,2023-08-20,2053-08-20,377000,373163,6.99,360,NV,PURCHASE,B,12 years,$150k+,CURRENT,0,Rocket Mortgage Servicing,2024-08-01,2024-08-15,COMPLETE,ORIGINATION_LOS
LN-1046,BW-546,Jennifer Brown,VA,2023-07-23,2053-07-23,381000,376819,7.03,360,NJ,PURCHASE,D,10 years,$50k-$75k,CURRENT,0,Freedom Mortgage,2024-08-01,2024-08-15,COMPLETE,ORIGINATION_LOS
LN-1047,BW-547,Charles Wright,FHA,2023-02-26,2053-02-26,243000,238199,5.7,360,AZ,PURCHASE,A,5 years,$75k-$100k,CURRENT,0,PennyMac Loan Services,2024-08-01,2024-08-15,COMPLETE,ORIGINATION_LOS
LN-1048,BW-548,Michelle Flores,FHA,2022-02-16,2052-02-16,386000,375053,6.69,360,GA,PURCHASE,C,11 years,$100k-$150k,CURRENT,0,Chase Home Lending,2024-08-01,2024-08-15,COMPLETE,ORIGINATION_LOS
LN-1049,BW-549,Charles Robinson,VA,2023-09-26,2053-09-26,301000,297569,5.92,360,MA,PURCHASE,D,9 years,$100k-$150k,CURRENT,0,Chase Home Lending,2024-08-01,2024-08-15,COMPLETE,ORIGINATION_LOS
LN-1050,BW-550,Andrew Miller,JUMBO,2022-05-21,2019-01-01,384000,370844,5,360,SC,PURCHASE,A,4 years,$100k-$150k,CURRENT,0,PennyMac Loan Services,2024-08-01,2024-08-15,COMPLETE,ORIGINATION_LOS
LN-1051,BW-551,Daniel Lewis,CONVENTIONAL,2022-03-26,2052-03-26,487000,473564,6.64,360,KY,PURCHASE,B,6 years,$50k-$75k,CURRENT,0,Rocket Mortgage Servicing,2024-08-01,2024-08-15,COMPLETE,ORIGINATION_LOS
LN-1052,BW-552,Kimberly Martin,CONVENTIONAL,2021-10-16,2051-10-16,285000,276636,7.25,360,NC,PURCHASE,D,8 years,$50k-$75k,CURRENT,0,Rocket Mortgage Servicing,2024-08-01,2024-08-15,COMPLETE,ORIGINATION_LOS
LN-1053,BW-553,Jessica Clark,USDA,2023-02-17,2053-02-17,517000,508843,6.91,360,VA,PURCHASE,C,6 years,$75k-$100k,CURRENT,0,Freedom Mortgage,2024-08-01,2024-08-15,COMPLETE,ORIGINATION_LOS
LN-1054,BW-554,Linda Hernandez,FHA,2023-05-22,2053-05-22,451000,442615,4.99,360,AL,PURCHASE,B,5 years,$75k-$100k,CURRENT,0,Wells Fargo Servicing,2024-08-01,2024-08-15,COMPLETE,ORIGINATION_LOS
LN-1055,BW-555,Anthony Walker,CONVENTIONAL,2023-02-26,2053-02-26,255000,251007,6.95,360,WA,PURCHASE,A,11 years,$100k-$150k,CURRENT,0,Rocket Mortgage Servicing,2024-08-01,2024-08-15,COMPLETE,ORIGINATION_LOS
LN-1056,BW-556,Sandra Davis,VA,2022-06-08,2052-06-08,239000,232518,6.09,360,MO,PURCHASE,A,3 years,$50k-$75k,CURRENT,0,Freedom Mortgage,2024-08-01,2024-08-15,COMPLETE,ORIGINATION_LOS
LN-1057,BW-557,Ashley Johnson,VA,2023-03-12,2053-03-12,168000,164601,5.24,360,OR,PURCHASE,B,9 years,$50k-$75k,CURRENT,0,Nationstar Mortgage,2024-08-01,2024-08-15,COMPLETE,ORIGINATION_LOS
LN-1058,BW-558,Michael Wilson,USDA,2023-08-24,2053-08-24,268000,265606,7.66,360,MA,PURCHASE,B,5 years,$50k-$75k,CURRENT,0,Rocket Mortgage Servicing,2024-08-01,2024-08-15,COMPLETE,ORIGINATION_LOS
LN-1059,BW-559,Linda Wright,USDA,2022-11-07,2052-11-07,219000,214577,6.46,360,MD,PURCHASE,C,5 years,$75k-$100k,CURRENT,0,Wells Fargo Servicing,2024-08-01,2024-08-15,COMPLETE,ORIGINATION_LOS
LN-1060,BW-560,John Garcia,FHA,2023-12-20,2053-12-20,-250000,499775,5.82,360,IL,PURCHASE,D,5 years,$50k-$75k,CURRENT,0,Nationstar Mortgage,2024-08-01,2024-08-15,COMPLETE,ORIGINATION_LOS
LN-1061,BW-561,Betty Allen,CONVENTIONAL,2022-04-12,2052-04-12,178000,174024,7.57,360,CO,PURCHASE,C,9 years,$75k-$100k,CURRENT,0,Nationstar Mortgage,2024-08-01,2024-08-15,COMPLETE,ORIGINATION_LOS
LN-1062,BW-562,Joseph Martin,JUMBO,2021-01-15,2051-01-15,568000,538020,5.4,360,TX,PURCHASE,A,11 years,$100k-$150k,CURRENT,0,Wells Fargo Servicing,2024-08-01,2024-08-15,COMPLETE,ORIGINATION_LOS
LN-1063,BW-563,Jessica Moore,FHA,2021-03-23,2051-03-23,307000,290183,4.87,360,MN,PURCHASE,C,7 years,$150k+,CURRENT,0,Rocket Mortgage Servicing,2024-08-01,2024-08-15,COMPLETE,ORIGINATION_LOS
LN-1064,BW-564,David Johnson,VA,2021-09-26,2051-09-26,630000,606951,6.21,360,WI,PURCHASE,D,12 years,$75k-$100k,CURRENT,0,Rocket Mortgage Servicing,2024-08-01,2024-08-15,COMPLETE,ORIGINATION_LOS
LN-1065,BW-565,Emily Hill,CONVENTIONAL,2023-11-25,2053-11-25,634000,629843,7.72,360,MN,PURCHASE,A,2 years,$100k-$150k,CURRENT,0,Chase Home Lending,2024-08-01,2024-08-15,COMPLETE,ORIGINATION_LOS
LN-1066,BW-566,Karen Anderson,CONVENTIONAL,2023-10-10,2053-10-10,556000,548968,4.82,360,VA,PURCHASE,C,7 years,$100k-$150k,CURRENT,0,Chase Home Lending,2024-08-01,2024-08-15,COMPLETE,ORIGINATION_LOS
LN-1067,BW-567,Joshua Thomas,CONVENTIONAL,2022-05-19,2052-05-19,499000,485262,6.23,360,NJ,PURCHASE,C,2 years,$150k+,CURRENT,0,Rocket Mortgage Servicing,2024-08-01,2024-08-15,COMPLETE,ORIGINATION_LOS
LN-1068,BW-568,Betty Lopez,VA,2022-03-02,2052-03-02,494000,474973,4.76,360,TN,PURCHASE,D,4 years,$75k-$100k,CURRENT,0,Wells Fargo Servicing,2024-08-01,2024-08-15,COMPLETE,ORIGINATION_LOS
LN-1069,BW-569,Jessica King,JUMBO,2023-07-09,2053-07-09,520000,513956,6.73,360,SC,PURCHASE,A,11 years,$50k-$75k,CURRENT,0,Wells Fargo Servicing,2024-08-01,2024-08-15,COMPLETE,ORIGINATION_LOS
LN-1070,BW-570,Susan Smith,CONVENTIONAL,2022-12-26,2052-12-26,587000,632000,5.22,360,NC,PURCHASE,A,10 years,$150k+,CURRENT,0,Wells Fargo Servicing,2024-08-01,2024-08-15,COMPLETE,ORIGINATION_LOS
LN-1071,BW-571,William Miller,CONVENTIONAL,2021-08-23,2051-08-23,471000,451863,5.79,360,NJ,PURCHASE,C,10 years,$100k-$150k,CURRENT,0,Nationstar Mortgage,2024-08-01,2024-08-15,COMPLETE,ORIGINATION_LOS
LN-1072,BW-572,Charles Young,JUMBO,2021-09-06,2051-09-06,379000,364961,6.14,360,FL,PURCHASE,D,6 years,$100k-$150k,CURRENT,0,Chase Home Lending,2024-08-01,2024-08-15,COMPLETE,ORIGINATION_LOS
LN-1073,BW-573,Robert Scott,USDA,2022-04-12,2052-04-12,503000,489115,6.43,360,GA,PURCHASE,A,2 years,$150k+,CURRENT,0,Nationstar Mortgage,2024-08-01,2024-08-15,COMPLETE,ORIGINATION_LOS
LN-1074,BW-574,Karen Johnson,JUMBO,2022-12-22,2052-12-22,510000,501407,7.15,360,AZ,PURCHASE,C,11 years,$50k-$75k,CURRENT,0,Nationstar Mortgage,2024-08-01,2024-08-15,COMPLETE,ORIGINATION_LOS
LN-1075,BW-575,Andrew Miller,CONVENTIONAL,2023-02-27,2053-02-27,445000,436014,5.58,360,PA,PURCHASE,C,10 years,$75k-$100k,CURRENT,0,Nationstar Mortgage,2024-08-01,2024-08-15,COMPLETE,ORIGINATION_LOS
LN-1076,BW-576,Paul Jackson,VA,2021-07-09,2051-07-09,230000,220881,6.1,360,OR,PURCHASE,B,8 years,$100k-$150k,CURRENT,0,Chase Home Lending,2024-08-01,2024-08-15,COMPLETE,ORIGINATION_LOS
LN-1077,BW-577,Thomas Lopez,VA,2021-05-15,2051-05-15,386000,373782,7.67,360,GA,PURCHASE,C,3 years,$50k-$75k,CURRENT,0,PennyMac Loan Services,2024-08-01,2024-08-15,COMPLETE,ORIGINATION_LOS
LN-1078,BW-578,Andrew Johnson,FHA,2022-07-03,2052-07-03,522000,508594,6.16,360,TX,PURCHASE,B,12 years,$150k+,CURRENT,0,Rocket Mortgage Servicing,2024-08-01,2024-08-15,COMPLETE,ORIGINATION_LOS
LN-1079,BW-579,Sarah Brown,VA,2023-03-20,2053-03-20,202000,197500,4.7,360,IL,PURCHASE,B,7 years,$75k-$100k,CURRENT,0,Nationstar Mortgage,2024-08-01,2024-08-15,COMPLETE,ORIGINATION_LOS
LN-1080,BW-580,Kimberly Sanchez,USDA,2021-12-12,2051-12-12,571000,545486,650,360,TN,PURCHASE,D,7 years,$150k+,CURRENT,0,Nationstar Mortgage,2024-08-01,2024-08-15,COMPLETE,ORIGINATION_LOS
LN-1081,BW-581,Sandra Lewis,JUMBO,2021-03-28,2051-03-28,232000,224356,7.76,360,MD,PURCHASE,D,5 years,$100k-$150k,CURRENT,0,Rocket Mortgage Servicing,2024-08-01,2024-08-15,COMPLETE,ORIGINATION_LOS
LN-1082,BW-582,John Wright,CONVENTIONAL,2023-09-15,2053-09-15,253000,249808,5.37,360,LA,PURCHASE,B,12 years,$150k+,CURRENT,0,Freedom Mortgage,2024-08-01,2024-08-15,COMPLETE,ORIGINATION_LOS
LN-1083,BW-583,Joshua Rodriguez,JUMBO,2021-08-07,2051-08-07,489000,471606,6.54,360,FL,PURCHASE,C,11 years,$75k-$100k,CURRENT,0,Rocket Mortgage Servicing,2024-08-01,2024-08-15,COMPLETE,ORIGINATION_LOS
LN-1084,BW-584,Donald Rodriguez,FHA,2023-08-09,2053-08-09,495000,490707,7.81,360,NC,PURCHASE,B,2 years,$75k-$100k,CURRENT,0,Rocket Mortgage Servicing,2024-08-01,2024-08-15,COMPLETE,ORIGINATION_LOS
LN-1085,BW-585,Elizabeth Harris,VA,2023-09-20,2053-09-20,260000,257292,6.4,360,MN,PURCHASE,C,2 years,$50k-$75k,CURRENT,0,Freedom Mortgage,2024-08-01,2024-08-15,COMPLETE,ORIGINATION_LOS
LN-1086,BW-586,Barbara Lee,JUMBO,2022-02-20,2052-02-20,548000,527861,5.24,360,WI,PURCHASE,B,9 years,$100k-$150k,CURRENT,0,Nationstar Mortgage,2024-08-01,2024-08-15,COMPLETE,ORIGINATION_LOS
LN-1087,BW-587,Anthony Martinez,FHA,2021-02-03,2051-02-03,230000,218270,5.45,360,AZ,PURCHASE,D,4 years,$75k-$100k,CURRENT,0,Wells Fargo Servicing,2024-08-01,2024-08-15,COMPLETE,ORIGINATION_LOS
LN-1088,BW-588,Lisa Thompson,FHA,2023-11-12,2053-11-12,245000,242146,4.68,360,VA,PURCHASE,D,7 years,$50k-$75k,CURRENT,0,Nationstar Mortgage,2024-08-01,2024-08-15,COMPLETE,ORIGINATION_LOS
LN-1089,BW-589,Nancy Lewis,VA,2022-07-21,2052-07-21,634000,619925,6.95,360,NV,PURCHASE,A,11 years,$100k-$150k,CURRENT,0,Rocket Mortgage Servicing,2024-08-01,2024-08-15,COMPLETE,ORIGINATION_LOS
LN-1090,BW-590,Emily Rodriguez,JUMBO,2023-10-20,2053-10-20,534000,529752,7.29,360,WI,PURCHASE,C,7 years,$50k-$75k,CURRENT,45,Wells Fargo Servicing,2024-08-01,2024-08-15,COMPLETE,ORIGINATION_LOS
LN-1091,BW-591,Sandra Gonzalez,USDA,2022-04-11,2052-04-11,337000,327526,6.33,360,CT,PURCHASE,D,5 years,$50k-$75k,CURRENT,0,PennyMac Loan Services,2024-08-01,2024-08-15,COMPLETE,ORIGINATION_LOS
LN-1092,BW-592,Matthew Walker,USDA,2021-02-04,2051-02-04,381000,359035,4.72,360,UT,PURCHASE,B,4 years,$75k-$100k,CURRENT,0,Nationstar Mortgage,2024-08-01,2024-08-15,COMPLETE,ORIGINATION_LOS
LN-1093,BW-593,Emily Thomas,FHA,2021-05-16,2051-05-16,488000,467536,6.11,360,OK,PURCHASE,D,8 years,$100k-$150k,CURRENT,0,Chase Home Lending,2024-08-01,2024-08-15,COMPLETE,ORIGINATION_LOS
LN-1094,BW-594,John Lewis,USDA,2021-08-06,2051-08-06,175000,168207,6.05,360,NY,PURCHASE,A,8 years,$75k-$100k,CURRENT,0,Freedom Mortgage,2024-08-01,2024-08-15,COMPLETE,ORIGINATION_LOS
LN-1095,BW-595,Barbara Hill,VA,2023-10-02,2053-10-02,296000,292270,4.84,360,MD,PURCHASE,C,8 years,$100k-$150k,CURRENT,0,Nationstar Mortgage,2024-08-01,2024-08-15,COMPLETE,ORIGINATION_LOS
LN-1096,BW-596,Susan Lewis,FHA,2022-12-28,2052-12-28,186000,182235,6.17,360,WA,PURCHASE,C,5 years,$100k-$150k,CURRENT,0,Rocket Mortgage Servicing,2024-08-01,2024-08-15,COMPLETE,ORIGINATION_LOS
LN-1097,BW-597,Lisa Taylor,JUMBO,2022-10-01,2052-10-01,153000,149953,6.8,360,MO,PURCHASE,D,12 years,$100k-$150k,CURRENT,0,Nationstar Mortgage,2024-08-01,2024-08-15,COMPLETE,ORIGINATION_LOS
LN-1098,BW-598,Donna Anderson,CONVENTIONAL,2023-11-05,2053-11-05,164000,162492,5.97,360,MN,PURCHASE,C,10 years,$100k-$150k,CURRENT,0,Rocket Mortgage Servicing,2024-08-01,2024-08-15,COMPLETE,ORIGINATION_LOS
LN-1099,BW-599,Donald Jackson,JUMBO,2021-06-12,2051-06-12,176000,166832,4.68,360,NV,PURCHASE,C,12 years,$75k-$100k,CURRENT,0,Wells Fargo Servicing,2024-08-01,2024-08-15,COMPLETE,ORIGINATION_LOS
LN-1100,BW-600,Daniel Taylor,CONVENTIONAL,2022-05-09,2052-05-09,371000,358178,4.95,360,TN,PURCHASE,D,11 years,$75k-$100k,CURRENT,0,Wells Fargo Servicing,2024-08-01,2024-08-15,MISSING_NOTE,ORIGINATION_LOS
LN-1101,BW-601,Patricia Thomas,CONVENTIONAL,2022-09-02,2052-09-02,177000,173171,6.61,360,MN,PURCHASE,A,4 years,$75k-$100k,CURRENT,0,Chase Home Lending,2024-08-01,2024-08-15,COMPLETE,ORIGINATION_LOS
LN-1102,BW-602,Barbara Jones,CONVENTIONAL,2023-03-10,2053-03-10,307000,301243,5.66,360,PA,PURCHASE,A,7 years,$100k-$150k,CURRENT,0,Wells Fargo Servicing,2024-08-01,2024-08-15,COMPLETE,ORIGINATION_LOS
LN-1103,BW-603,Susan Moore,JUMBO,2021-11-04,2051-11-04,222000,214809,6.53,360,MD,PURCHASE,A,4 years,$75k-$100k,CURRENT,0,Rocket Mortgage Servicing,2024-08-01,2024-08-15,COMPLETE,ORIGINATION_LOS
LN-1104,BW-604,Joshua Ramirez,VA,2022-04-15,2052-04-15,591000,569217,4.8,360,NV,PURCHASE,D,10 years,$150k+,CURRENT,0,Nationstar Mortgage,2024-08-01,2024-08-15,COMPLETE,ORIGINATION_LOS
LN-1105,BW-605,Robert Perez,FHA,2022-06-25,2052-06-25,579000,564050,6.36,360,FL,PURCHASE,C,11 years,$150k+,CURRENT,0,Rocket Mortgage Servicing,2024-08-01,2024-08-15,COMPLETE,ORIGINATION_LOS
LN-1106,BW-606,Daniel White,JUMBO,2022-05-25,2052-05-25,441000,427738,5.74,360,NY,PURCHASE,A,10 years,$50k-$75k,CURRENT,0,Wells Fargo Servicing,2024-08-01,2024-08-15,COMPLETE,ORIGINATION_LOS
LN-1107,BW-607,Emily Hernandez,USDA,2023-01-10,2053-01-10,558000,548610,6.87,360,LA,PURCHASE,C,11 years,$50k-$75k,CURRENT,0,Freedom Mortgage,2024-08-01,2024-08-15,COMPLETE,ORIGINATION_LOS
LN-1108,BW-608,Matthew Robinson,CONVENTIONAL,2021-03-10,2051-03-10,445000,419840,4.68,360,WA,PURCHASE,B,8 years,$150k+,CURRENT,0,Wells Fargo Servicing,2024-08-01,2024-08-15,COMPLETE,ORIGINATION_LOS
LN-1109,BW-609,Ashley Smith,FHA,2023-06-08,2053-06-08,156000,153779,6.06,360,AL,PURCHASE,D,11 years,$100k-$150k,CURRENT,0,Wells Fargo Servicing,2024-08-01,2024-08-15,COMPLETE,ORIGINATION_LOS
LN-1110,BW-610,Patricia King,USDA,2023-12-09,2053-12-09,398000,395738,7.83,360,MO,PURCHASE,A,5 years,$50k-$75k,CURRENT,0,Freedom Mortgage,2024-08-01,2023-01-10,COMPLETE,ORIGINATION_LOS
LN-1111,BW-611,Barbara Wilson,VA,2021-08-28,2051-08-28,456000,441821,7.28,360,IN,PURCHASE,C,10 years,$100k-$150k,CURRENT,0,Freedom Mortgage,2024-08-01,2024-08-15,COMPLETE,ORIGINATION_LOS
LN-1112,BW-612,Jessica Thomas,CONVENTIONAL,2023-09-26,2053-09-26,649000,643671,7.63,360,CT,PURCHASE,A,4 years,$75k-$100k,CURRENT,0,Nationstar Mortgage,2024-08-01,2024-08-15,COMPLETE,ORIGINATION_LOS
LN-1113,BW-613,Donna Allen,FHA,2022-04-05,2052-04-05,316000,307999,6.9,360,MD,PURCHASE,D,10 years,$100k-$150k,CURRENT,0,Freedom Mortgage,2024-08-01,2024-08-15,COMPLETE,ORIGINATION_LOS
LN-1114,BW-614,Andrew Martin,FHA,2021-06-11,2051-06-11,205000,194812,4.96,360,WI,PURCHASE,D,11 years,$150k+,CURRENT,0,Freedom Mortgage,2024-08-01,2024-08-15,COMPLETE,ORIGINATION_LOS
LN-1115,BW-615,Thomas Young,VA,2023-08-11,2053-08-11,530000,522486,5.22,360,AZ,PURCHASE,A,4 years,$75k-$100k,CURRENT,0,Wells Fargo Servicing,2024-08-01,2024-08-15,COMPLETE,ORIGINATION_LOS
LN-1116,BW-616,Nancy Robinson,CONVENTIONAL,2023-05-10,2053-05-10,318000,312035,4.94,360,TX,PURCHASE,C,5 years,$75k-$100k,CURRENT,0,Wells Fargo Servicing,2024-08-01,2024-08-15,COMPLETE,ORIGINATION_LOS
LN-1117,BW-617,Mark Young,JUMBO,2021-09-26,2051-09-26,245000,237521,7.21,360,AL,PURCHASE,B,10 years,$100k-$150k,CURRENT,0,Nationstar Mortgage,2024-08-01,2024-08-15,COMPLETE,ORIGINATION_LOS
LN-1118,BW-618,Joshua Sanchez,VA,2022-10-27,2052-10-27,189000,185594,7.33,360,LA,PURCHASE,B,9 years,$100k-$150k,CURRENT,0,Chase Home Lending,2024-08-01,2024-08-15,COMPLETE,ORIGINATION_LOS
LN-1119,BW-619,Jessica Ramirez,FHA,2023-12-04,2053-12-04,608000,602091,5.02,360,NV,PURCHASE,C,3 years,$150k+,CURRENT,0,Freedom Mortgage,2024-08-01,2024-08-15,COMPLETE,ORIGINATION_LOS
LN-1120,BW-620,Jessica Torres,VA,2022-01-11,2052-01-11,256000,248773,6.91,360,CALIFORNIA,PURCHASE,C,12 years,$75k-$100k,CURRENT,0,PennyMac Loan Services,2024-08-01,2024-08-15,COMPLETE,ORIGINATION_LOS
LN-1121,BW-621,Steven Martinez,CONVENTIONAL,2022-05-25,2052-05-25,413000,399311,5.19,360,SC,PURCHASE,B,10 years,$50k-$75k,CURRENT,0,Freedom Mortgage,2024-08-01,2024-08-15,COMPLETE,ORIGINATION_LOS
LN-1122,BW-622,Robert Gonzalez,CONVENTIONAL,2023-06-06,2053-06-06,500000,491170,4.88,360,NV,PURCHASE,C,4 years,$150k+,CURRENT,0,Rocket Mortgage Servicing,2024-08-01,2024-08-15,COMPLETE,ORIGINATION_LOS
LN-1123,BW-623,Joseph Johnson,CONVENTIONAL,2023-09-13,2053-09-13,435000,430547,6.49,360,NV,PURCHASE,B,9 years,$75k-$100k,CURRENT,0,Wells Fargo Servicing,2024-08-01,2024-08-15,COMPLETE,ORIGINATION_LOS
LN-1124,BW-624,William Scott,FHA,2023-11-09,2053-11-09,236000,234486,7.83,360,CA,PURCHASE,D,3 years,$100k-$150k,CURRENT,0,Nationstar Mortgage,2024-08-01,2024-08-15,COMPLETE,ORIGINATION_LOS
LN-1125,BW-625,Thomas Lopez,CONVENTIONAL,2023-01-17,2053-01-17,526000,515202,5.8,360,AL,PURCHASE,C,9 years,$50k-$75k,CURRENT,0,Chase Home Lending,2024-08-01,2024-08-15,COMPLETE,ORIGINATION_LOS
LN-1126,BW-626,Nancy Williams,USDA,2021-06-17,2051-06-17,356000,342891,6.68,360,OR,PURCHASE,C,8 years,$100k-$150k,CURRENT,0,Nationstar Mortgage,2024-08-01,2024-08-15,COMPLETE,ORIGINATION_LOS
LN-1127,BW-627,Charles Young,FHA,2022-12-25,2052-12-25,550000,536679,5.18,360,MO,PURCHASE,C,11 years,$150k+,CURRENT,0,Rocket Mortgage Servicing,2024-08-01,2024-08-15,COMPLETE,ORIGINATION_LOS
LN-1128,BW-628,Sandra Jones,CONVENTIONAL,2022-04-05,2052-04-05,460000,445594,5.73,360,CO,PURCHASE,C,10 years,$150k+,CURRENT,0,PennyMac Loan Services,2024-08-01,2024-08-15,COMPLETE,ORIGINATION_LOS
LN-1129,BW-629,Barbara Young,CONVENTIONAL,2022-07-01,2052-07-01,268000,261241,6.26,360,NJ,PURCHASE,D,9 years,$100k-$150k,CURRENT,0,Wells Fargo Servicing,2024-08-01,2024-08-15,COMPLETE,ORIGINATION_LOS
LN-1130,BW-630,Michelle Ramirez,JUMBO,2021-04-11,2051-04-11,317000,32000,7.22,360,AZ,PURCHASE,C,4 years,$150k+,CLOSED,0,Freedom Mortgage,2024-08-01,2024-08-15,COMPLETE,ORIGINATION_LOS
LN-1131,BW-631,Emily Jackson,USDA,2022-03-27,2052-03-27,451000,439313,6.98,360,OH,PURCHASE,D,3 years,$100k-$150k,CURRENT,0,Wells Fargo Servicing,2024-08-01,2024-08-15,COMPLETE,ORIGINATION_LOS
LN-1132,BW-632,Patricia Wright,CONVENTIONAL,2022-09-03,2052-09-03,548000,531973,4.94,360,CT,PURCHASE,A,7 years,$150k+,CURRENT,0,Rocket Mortgage Servicing,2024-08-01,2024-08-15,COMPLETE,ORIGINATION_LOS
LN-1133,BW-633,Christopher Davis,CONVENTIONAL,2021-11-28,2051-11-28,434000,417670,5.69,360,WI,PURCHASE,C,9 years,$75k-$100k,CURRENT,0,Chase Home Lending,2024-08-01,2024-08-15,COMPLETE,ORIGINATION_LOS
LN-1134,BW-634,Robert Torres,FHA,2023-10-08,2053-10-08,167000,165630,7.13,360,VA,PURCHASE,C,10 years,$50k-$75k,CURRENT,0,Rocket Mortgage Servicing,2024-08-01,2024-08-15,COMPLETE,ORIGINATION_LOS
LN-1135,BW-635,Robert Martin,VA,2021-03-05,2051-03-05,317000,299166,4.71,360,GA,PURCHASE,D,7 years,$75k-$100k,CURRENT,0,PennyMac Loan Services,2024-08-01,2024-08-15,COMPLETE,ORIGINATION_LOS
LN-1136,BW-636,Michelle King,CONVENTIONAL,2023-11-23,2053-11-23,441000,438154,7.8,360,OK,PURCHASE,C,11 years,$75k-$100k,CURRENT,0,Chase Home Lending,2024-08-01,2024-08-15,COMPLETE,ORIGINATION_LOS
LN-1137,BW-637,Sandra Anderson,VA,2022-08-20,2052-08-20,505000,493631,6.64,360,KY,PURCHASE,A,11 years,$75k-$100k,CURRENT,0,Freedom Mortgage,2024-08-01,2024-08-15,COMPLETE,ORIGINATION_LOS
LN-1138,BW-638,Nancy Jones,CONVENTIONAL,2023-11-03,2053-11-03,625000,618729,5.5,360,AZ,PURCHASE,C,2 years,$150k+,CURRENT,0,Rocket Mortgage Servicing,2024-08-01,2024-08-15,COMPLETE,ORIGINATION_LOS
LN-1139,BW-639,Donald Jones,FHA,2021-09-12,2051-09-12,210000,201204,5.44,360,OR,PURCHASE,B,4 years,$150k+,CURRENT,0,Freedom Mortgage,2024-08-01,2024-08-15,COMPLETE,ORIGINATION_LOS
LN-1140,BW-640,Sandra Sanchez,FHA,2022-04-11,2052-04-11,190000,186200,5.9,360,WA,PURCHASE,B,7 years,$50k-$75k,CURRENT,0,PennyMac Loan Services,2024-08-01,2024-08-15,COMPLETE,ORIGINATION_LOS
LN-1141,BW-641,Joshua Clark,VA,2022-12-25,2052-12-25,212000,208269,6.92,360,MO,PURCHASE,A,6 years,$50k-$75k,CURRENT,0,Rocket Mortgage Servicing,2024-08-01,2024-08-15,COMPLETE,ORIGINATION_LOS
LN-1142,BW-642,Charles Harris,CONVENTIONAL,2023-12-27,2053-12-27,501000,497917,7.43,360,WI,PURCHASE,A,6 years,$50k-$75k,CURRENT,0,PennyMac Loan Services,2024-08-01,2024-08-15,COMPLETE,ORIGINATION_LOS
LN-1143,BW-643,Matthew Clark,USDA,2023-12-07,2053-12-07,623000,616538,4.66,360,AL,PURCHASE,B,11 years,$50k-$75k,CURRENT,0,Rocket Mortgage Servicing,2024-08-01,2024-08-15,COMPLETE,ORIGINATION_LOS
LN-1144,BW-644,Joseph Lopez,FHA,2021-06-03,2051-06-03,645000,618715,6.11,360,TX,PURCHASE,D,8 years,$100k-$150k,CURRENT,0,Nationstar Mortgage,2024-08-01,2024-08-15,COMPLETE,ORIGINATION_LOS
LN-1145,BW-645,Joshua Anderson,USDA,2023-03-19,2053-03-19,340000,334217,6.19,360,WA,PURCHASE,C,11 years,$50k-$75k,CURRENT,0,Chase Home Lending,2024-08-01,2024-08-15,COMPLETE,ORIGINATION_LOS
LN-1146,BW-646,John Johnson,VA,2022-03-02,2052-03-02,225000,218263,6.19,360,FL,PURCHASE,A,7 years,$75k-$100k,CURRENT,0,PennyMac Loan Services,2024-08-01,2024-08-15,COMPLETE,ORIGINATION_LOS
LN-1147,BW-647,James White,CONVENTIONAL,2021-03-12,2051-03-12,336000,317129,4.72,360,OH,PURCHASE,C,11 years,$75k-$100k,CURRENT,0,Nationstar Mortgage,2024-08-01,2024-08-15,COMPLETE,ORIGINATION_LOS
LN-1148,BW-648,Patricia Clark,VA,2021-02-13,2051-02-13,267000,256201,6.78,360,IN,PURCHASE,D,8 years,$50k-$75k,CURRENT,0,Wells Fargo Servicing,2024-08-01,2024-08-15,COMPLETE,ORIGINATION_LOS
LN-1149,BW-649,Charles Torres,JUMBO,2021-09-10,2051-09-10,413000,396467,5.7,360,NJ,PURCHASE,A,10 years,$150k+,CURRENT,0,Nationstar Mortgage,2024-08-01,2024-08-15,COMPLETE,ORIGINATION_LOS
LN-1150,BW-650,Sandra Wright,VA,2023-10-18,2053-10-18,386000,380985,4.67,360,MO,PURCHASE,C,5 years,$100k-$150k,CURRENT,0,Nationstar Mortgage,2024-08-01,2024-08-15,COMPLETE,ORIGINATION_LOS
LN-1151,BW-651,Matthew Brown,JUMBO,2022-11-11,2052-11-11,214000,209539,6.29,360,CT,PURCHASE,C,9 years,$100k-$150k,CURRENT,0,Nationstar Mortgage,2024-08-01,2024-08-15,COMPLETE,ORIGINATION_LOS
LN-1152,BW-652,Elizabeth Torres,FHA,2021-04-07,2051-04-07,373000,355152,5.51,360,MN,PURCHASE,B,10 years,$50k-$75k,CURRENT,0,PennyMac Loan Services,2024-08-01,2024-08-15,COMPLETE,ORIGINATION_LOS
LN-1153,BW-653,Michelle Ramirez,JUMBO,2021-05-19,2051-05-19,335000,317762,4.92,360,NY,PURCHASE,C,6 years,$100k-$150k,CURRENT,0,Nationstar Mortgage,2024-08-01,2024-08-15,COMPLETE,ORIGINATION_LOS
LN-1154,BW-654,Michelle Sanchez,USDA,2022-03-03,2052-03-03,650000,632490,6.77,360,NC,PURCHASE,B,9 years,$75k-$100k,CURRENT,0,Nationstar Mortgage,2024-08-01,2024-08-15,COMPLETE,ORIGINATION_LOS
LN-1155,BW-655,Richard Davis,CONVENTIONAL,2023-01-10,2053-01-10,221000,216602,5.97,360,TX,PURCHASE,D,11 years,$75k-$100k,CURRENT,0,Nationstar Mortgage,2024-08-01,2024-08-15,COMPLETE,ORIGINATION_LOS
LN-1156,BW-656,Patricia Wright,VA,2021-10-11,2051-10-11,496000,472677,4.58,360,FL,PURCHASE,D,10 years,$150k+,CURRENT,0,Nationstar Mortgage,2024-08-01,2024-08-15,COMPLETE,ORIGINATION_LOS
LN-1157,BW-657,Joshua Martin,JUMBO,2023-01-26,2053-01-26,477000,466604,5.47,360,WI,PURCHASE,C,7 years,$150k+,CURRENT,0,Chase Home Lending,2024-08-01,2024-08-15,COMPLETE,ORIGINATION_LOS
LN-1158,BW-658,Barbara Hernandez,VA,2023-08-27,2053-08-27,151000,149427,6.87,360,LA,PURCHASE,B,10 years,$150k+,CURRENT,0,Nationstar Mortgage,2024-08-01,2024-08-15,COMPLETE,ORIGINATION_LOS
LN-1159,BW-659,Linda Rodriguez,JUMBO,2021-05-25,2051-05-25,375000,363195,7.7,360,IL,PURCHASE,C,7 years,$150k+,CURRENT,0,Chase Home Lending,2024-08-01,2024-08-15,COMPLETE,ORIGINATION_LOS
LN-1160,BW-660,Christopher Garcia,CONVENTIONAL,2023-02-12,2053-02-12,293000,287115,5.61,360,UT,PURCHASE,A,12 years,$50k-$75k,CURRENT,0,Wells Fargo Servicing,2024-08-01,2024-08-15,COMPLETE,ORIGINATION_LOS
LN-1161,BW-661,Steven Lopez,CONVENTIONAL,2022-09-26,2052-09-26,319000,309456,4.81,360,UT,PURCHASE,C,3 years,$150k+,CURRENT,0,Nationstar Mortgage,2024-08-01,2024-08-15,COMPLETE,ORIGINATION_LOS
LN-1162,BW-662,James Walker,JUMBO,2022-03-02,2052-03-02,624000,609436,7.54,360,WI,PURCHASE,C,6 years,$150k+,CURRENT,0,Chase Home Lending,2024-08-01,2024-08-15,COMPLETE,ORIGINATION_LOS
LN-1163,BW-663,Michael Nguyen,CONVENTIONAL,2021-01-09,2051-01-09,640000,602522,4.78,360,OK,PURCHASE,D,12 years,$100k-$150k,CURRENT,0,Rocket Mortgage Servicing,2024-08-01,2024-08-15,COMPLETE,ORIGINATION_LOS
LN-1164,BW-664,Jessica Anderson,FHA,2023-08-22,2053-08-22,387000,380942,4.67,360,MN,PURCHASE,B,7 years,$150k+,CURRENT,0,Chase Home Lending,2024-08-01,2024-08-15,COMPLETE,ORIGINATION_LOS
LN-1165,BW-665,Sarah Brown,FHA,2021-09-08,2051-09-08,226000,215651,4.92,360,MO,PURCHASE,D,7 years,$50k-$75k,CURRENT,0,Rocket Mortgage Servicing,2024-08-01,2024-08-15,COMPLETE,ORIGINATION_LOS
LN-1166,BW-666,Ashley Taylor,JUMBO,2021-04-14,2051-04-14,370000,349428,4.62,360,OH,PURCHASE,D,11 years,$75k-$100k,CURRENT,0,Nationstar Mortgage,2024-08-01,2024-08-15,COMPLETE,ORIGINATION_LOS
LN-1167,BW-667,Mary Garcia,CONVENTIONAL,2021-06-14,2051-06-14,520000,503414,7.47,360,SC,PURCHASE,C,9 years,$75k-$100k,CURRENT,0,Wells Fargo Servicing,2024-08-01,2024-08-15,COMPLETE,ORIGINATION_LOS
LN-1168,BW-668,John Brown,VA,2023-12-09,2053-12-09,439000,436240,7.32,360,MN,PURCHASE,B,11 years,$75k-$100k,CURRENT,0,Wells Fargo Servicing,2024-08-01,2024-08-15,COMPLETE,ORIGINATION_LOS
LN-1169,BW-669,Lisa White,CONVENTIONAL,2021-08-17,2051-08-17,499000,485015,7.84,360,AL,PURCHASE,A,10 years,$150k+,CURRENT,0,Wells Fargo Servicing,2024-08-01,2024-08-15,COMPLETE,ORIGINATION_LOS
LN-1170,BW-670,Paul Ramirez,CONVENTIONAL,2022-09-20,2052-09-20,403000,390710,4.7,360,LA,PURCHASE,D,6 years,$150k+,CURRENT,0,Wells Fargo Servicing,2024-08-01,2024-08-15,COMPLETE,ORIGINATION_LOS
LN-1171,BW-671,John Young,JUMBO,2023-03-22,2053-03-22,410000,402547,5.83,360,MN,PURCHASE,C,3 years,$75k-$100k,CURRENT,0,Nationstar Mortgage,2024-08-01,2024-08-15,COMPLETE,ORIGINATION_LOS
LN-1172,BW-672,David Nguyen,JUMBO,2022-03-21,2052-03-21,346000,338195,7.72,360,OK,PURCHASE,B,10 years,$150k+,CURRENT,0,Wells Fargo Servicing,2024-08-01,2024-08-15,COMPLETE,ORIGINATION_LOS
LN-1173,BW-673,Ashley Young,FHA,2022-09-27,2052-09-27,482000,469461,5.6,360,CA,PURCHASE,D,12 years,$100k-$150k,CURRENT,0,Rocket Mortgage Servicing,2024-08-01,2024-08-15,COMPLETE,ORIGINATION_LOS
LN-1174,BW-674,Andrew Ramirez,FHA,2022-12-10,2052-12-10,496000,487369,6.98,360,TN,PURCHASE,A,5 years,$50k-$75k,CURRENT,0,Nationstar Mortgage,2024-08-01,2024-08-15,COMPLETE,ORIGINATION_LOS
LN-1175,BW-675,Sarah Sanchez,VA,2021-06-11,2051-06-11,150000,141962,4.51,360,TX,PURCHASE,A,6 years,$75k-$100k,CURRENT,0,Chase Home Lending,2024-08-01,2024-08-15,COMPLETE,ORIGINATION_LOS
LN-1176,BW-676,Donna Martinez,FHA,2023-03-14,2053-03-14,487000,479626,6.81,360,AZ,PURCHASE,A,8 years,$75k-$100k,CURRENT,0,Rocket Mortgage Servicing,2024-08-01,2024-08-15,COMPLETE,ORIGINATION_LOS
LN-1177,BW-677,Paul Sanchez,CONVENTIONAL,2022-09-17,2052-09-17,537000,527795,7.84,360,MA,PURCHASE,D,8 years,$75k-$100k,CURRENT,0,Nationstar Mortgage,2024-08-01,2024-08-15,COMPLETE,ORIGINATION_LOS
LN-1178,BW-678,Paul Taylor,JUMBO,2021-02-03,2051-02-03,446000,428751,7.03,360,UT,PURCHASE,C,2 years,$75k-$100k,CURRENT,0,Chase Home Lending,2024-08-01,2024-08-15,COMPLETE,ORIGINATION_LOS
LN-1179,BW-679,Kimberly Lewis,CONVENTIONAL,2021-09-01,2051-09-01,163000,155200,4.66,360,UT,PURCHASE,A,2 years,$150k+,CURRENT,0,PennyMac Loan Services,2024-08-01,2024-08-15,COMPLETE,ORIGINATION_LOS
LN-1180,BW-680,Sarah Flores,JUMBO,2023-09-12,2053-09-12,244000,241396,6.27,360,OH,PURCHASE,B,2 years,$150k+,CURRENT,0,Nationstar Mortgage,2024-08-01,2024-08-15,COMPLETE,ORIGINATION_LOS
LN-1181,BW-681,Joshua Clark,CONVENTIONAL,2021-05-20,2051-05-20,348000,331997,5.58,360,MD,PURCHASE,B,2 years,$150k+,CURRENT,0,Freedom Mortgage,2024-08-01,2024-08-15,COMPLETE,ORIGINATION_LOS
LN-1182,BW-682,Christopher White,JUMBO,2021-05-20,2051-05-20,237000,227079,6.12,360,WI,PURCHASE,A,5 years,$75k-$100k,CURRENT,0,Chase Home Lending,2024-08-01,2024-08-15,COMPLETE,ORIGINATION_LOS
LN-1183,BW-683,Christopher Torres,FHA,2021-01-20,2051-01-20,644000,610181,5.43,360,CT,PURCHASE,D,6 years,$75k-$100k,CURRENT,0,Nationstar Mortgage,2024-08-01,2024-08-15,COMPLETE,ORIGINATION_LOS
LN-1184,BW-684,Linda Williams,FHA,2021-12-19,2051-12-19,272000,263526,6.56,360,FL,PURCHASE,B,7 years,$150k+,CURRENT,0,Wells Fargo Servicing,2024-08-01,2024-08-15,COMPLETE,ORIGINATION_LOS
LN-1185,BW-685,Susan Taylor,USDA,2021-07-28,2051-07-28,528000,512131,7.63,360,GA,PURCHASE,D,6 years,$75k-$100k,CURRENT,0,Chase Home Lending,2024-08-01,2024-08-15,COMPLETE,ORIGINATION_LOS
LN-1186,BW-686,Steven Lee,USDA,2022-06-17,2052-06-17,200000,194335,5.85,360,MI,PURCHASE,C,6 years,$150k+,CURRENT,0,Chase Home Lending,2024-08-01,2024-08-15,COMPLETE,ORIGINATION_LOS
LN-1187,BW-687,Christopher Rodriguez,USDA,2021-06-17,2051-06-17,307000,294222,5.99,360,WA,PURCHASE,D,2 years,$75k-$100k,CURRENT,0,PennyMac Loan Services,2024-08-01,2024-08-15,COMPLETE,ORIGINATION_LOS
LN-1188,BW-688,Jennifer Hernandez,JUMBO,2022-01-19,2052-01-19,346000,337114,7.42,360,NV,PURCHASE,D,4 years,$150k+,CURRENT,0,Wells Fargo Servicing,2024-08-01,2024-08-15,COMPLETE,ORIGINATION_LOS
LN-1189,BW-689,Michael Davis,VA,2022-09-09,2052-09-09,175000,169810,4.86,360,NV,PURCHASE,C,12 years,$50k-$75k,CURRENT,0,Freedom Mortgage,2024-08-01,2024-08-15,COMPLETE,ORIGINATION_LOS
LN-1190,BW-690,Daniel Flores,CONVENTIONAL,2021-09-25,2051-09-25,385000,368650,5.36,360,IN,PURCHASE,D,7 years,$150k+,CURRENT,0,Freedom Mortgage,2024-08-01,2024-08-15,COMPLETE,ORIGINATION_LOS
LN-1191,BW-691,Richard Torres,CONVENTIONAL,2021-02-18,2051-02-18,648000,620843,6.58,360,NY,PURCHASE,C,3 years,$150k+,CURRENT,0,Chase Home Lending,2024-08-01,2024-08-15,COMPLETE,ORIGINATION_LOS
LN-1192,BW-692,Michael Johnson,USDA,2022-11-03,2052-11-03,473000,464920,7.35,360,PA,PURCHASE,A,2 years,$50k-$75k,CURRENT,0,Rocket Mortgage Servicing,2024-08-01,2024-08-15,COMPLETE,ORIGINATION_LOS
LN-1193,BW-693,Thomas Young,VA,2023-03-07,2053-03-07,546000,537186,6.47,360,MN,PURCHASE,A,11 years,$100k-$150k,CURRENT,0,Wells Fargo Servicing,2024-08-01,2024-08-15,COMPLETE,ORIGINATION_LOS
LN-1194,BW-694,Mary Garcia,USDA,2022-01-26,2052-01-26,213000,207151,7.06,360,CO,PURCHASE,B,2 years,$150k+,CURRENT,0,Nationstar Mortgage,2024-08-01,2024-08-15,COMPLETE,ORIGINATION_LOS
LN-1195,BW-695,Jennifer King,VA,2023-12-27,2053-12-27,254000,251765,5.56,360,TX,PURCHASE,A,6 years,$50k-$75k,CURRENT,0,PennyMac Loan Services,2024-08-01,2024-08-15,COMPLETE,ORIGINATION_LOS
LN-1196,BW-696,Robert Perez,FHA,2021-09-13,2051-09-13,640000,614425,5.71,360,NC,PURCHASE,D,2 years,$50k-$75k,CURRENT,0,Freedom Mortgage,2024-08-01,2024-08-15,COMPLETE,ORIGINATION_LOS
LN-1197,BW-697,David White,USDA,2021-05-25,2051-05-25,540000,515253,5.6,360,OR,PURCHASE,D,5 years,$100k-$150k,CURRENT,0,Wells Fargo Servicing,2024-08-01,2024-08-15,COMPLETE,ORIGINATION_LOS
LN-1198,BW-698,Christopher Rodriguez,VA,2021-09-16,2051-09-16,472000,453885,5.94,360,MD,PURCHASE,A,3 years,$100k-$150k,CURRENT,0,Chase Home Lending,2024-08-01,2024-08-15,COMPLETE,ORIGINATION_LOS
LN-1199,BW-699,John Martin,USDA,2021-07-21,2051-07-21,184000,175175,5,360,AZ,PURCHASE,D,4 years,$100k-$150k,CURRENT,0,Wells Fargo Servicing,2024-08-01,2024-08-15,COMPLETE,ORIGINATION_LOS
LN-1200,BW-700,Karen Torres,FHA,2021-05-18,2051-05-18,552000,534103,7.54,360,PA,PURCHASE,C,2 years,$75k-$100k,CURRENT,0,Nationstar Mortgage,2024-08-01,2024-08-15,COMPLETE,ORIGINATION_LOS
LN-1201,BW-701,Sarah Williams,FHA,2022-06-18,2052-06-18,495000,479456,5.27,360,UT,PURCHASE,A,3 years,$150k+,CURRENT,0,Rocket Mortgage Servicing,2024-08-01,2024-08-15,COMPLETE,ORIGINATION_LOS
LN-1202,BW-702,Linda Walker,JUMBO,2021-08-06,2051-08-06,307000,292558,4.94,360,OH,PURCHASE,A,8 years,$100k-$150k,CURRENT,0,Nationstar Mortgage,2024-08-01,2024-08-15,COMPLETE,ORIGINATION_LOS
LN-1203,BW-703,William Thomas,FHA,2023-10-24,2053-10-24,327000,323160,5.23,360,NV,PURCHASE,D,2 years,$75k-$100k,CURRENT,0,Nationstar Mortgage,2024-08-01,2024-08-15,COMPLETE,ORIGINATION_LOS
LN-1204,BW-704,Nancy Lee,FHA,2021-06-23,2051-06-23,173000,165400,5.68,360,WA,PURCHASE,C,4 years,$150k+,CURRENT,0,Nationstar Mortgage,2024-08-01,2024-08-15,COMPLETE,ORIGINATION_LOS
LN-1205,BW-705,Sandra Perez,CONVENTIONAL,2022-08-03,2052-08-03,597000,578965,5.01,360,VA,PURCHASE,B,3 years,$50k-$75k,CURRENT,0,Rocket Mortgage Servicing,2024-08-01,2024-08-15,COMPLETE,ORIGINATION_LOS
LN-1206,BW-706,Donald Taylor,JUMBO,2023-07-21,2053-07-21,265000,262007,6.88,360,WA,PURCHASE,C,9 years,$75k-$100k,CURRENT,0,PennyMac Loan Services,2024-08-01,2024-08-15,COMPLETE,ORIGINATION_LOS
LN-1207,BW-707,Linda Ramirez,JUMBO,2021-05-26,2051-05-26,501000,485403,7.76,360,CT,PURCHASE,B,12 years,$150k+,CURRENT,0,PennyMac Loan Services,2024-08-01,2024-08-15,COMPLETE,ORIGINATION_LOS
LN-1208,BW-708,Anthony Torres,USDA,2021-08-04,2051-08-04,303000,291322,6.09,360,TN,PURCHASE,D,10 years,$75k-$100k,CURRENT,0,Wells Fargo Servicing,2024-08-01,2024-08-15,COMPLETE,ORIGINATION_LOS
LN-1209,BW-709,Charles Brown,USDA,2021-05-19,2051-05-19,396000,382111,7.11,360,SC,PURCHASE,D,3 years,$100k-$150k,CURRENT,0,Rocket Mortgage Servicing,2024-08-01,2024-08-15,COMPLETE,ORIGINATION_LOS
LN-1210,BW-710,Emily Lopez,CONVENTIONAL,2022-05-27,2052-05-27,378000,370292,7.84,360,NY,PURCHASE,D,5 years,$75k-$100k,CURRENT,0,Chase Home Lending,2024-08-01,2024-08-15,COMPLETE,ORIGINATION_LOS
LN-1211,BW-711,Sarah Thomas,CONVENTIONAL,2022-07-15,2052-07-15,257000,251758,7.4,360,OK,PURCHASE,C,2 years,$75k-$100k,CURRENT,0,Nationstar Mortgage,2024-08-01,2024-08-15,COMPLETE,ORIGINATION_LOS
LN-1212,BW-712,Susan Hill,JUMBO,2022-09-01,2052-09-01,500000,490835,7.49,360,KY,PURCHASE,D,2 years,$150k+,CURRENT,0,Nationstar Mortgage,2024-08-01,2024-08-15,COMPLETE,ORIGINATION_LOS
LN-1213,BW-713,Robert Martinez,JUMBO,2023-12-05,2053-12-05,634000,628243,5.39,360,OR,PURCHASE,B,9 years,$75k-$100k,CURRENT,0,PennyMac Loan Services,2024-08-01,2024-08-15,COMPLETE,ORIGINATION_LOS
LN-1214,BW-714,Betty Flores,CONVENTIONAL,2021-04-05,2051-04-05,623000,590872,5.07,360,WI,PURCHASE,A,6 years,$75k-$100k,CURRENT,0,PennyMac Loan Services,2024-08-01,2024-08-15,COMPLETE,ORIGINATION_LOS
LN-1215,BW-715,David Nguyen,JUMBO,2023-07-19,2053-07-19,469000,461269,4.84,360,CT,PURCHASE,B,3 years,$100k-$150k,CURRENT,0,Chase Home Lending,2024-08-01,2024-08-15,COMPLETE,ORIGINATION_LOS
LN-1216,BW-716,Barbara Thompson,JUMBO,2021-04-05,2051-04-05,478000,462630,7.74,360,FL,PURCHASE,D,7 years,$50k-$75k,CURRENT,0,PennyMac Loan Services,2024-08-01,2024-08-15,COMPLETE,ORIGINATION_LOS
LN-1217,BW-717,Joseph Nguyen,CONVENTIONAL,2023-05-19,2053-05-19,329000,323730,5.81,360,WI,PURCHASE,C,9 years,$100k-$150k,CURRENT,0,Rocket Mortgage Servicing,2024-08-01,2024-08-15,COMPLETE,ORIGINATION_LOS
LN-1218,BW-718,Christopher Lopez,USDA,2021-04-06,2051-04-06,600000,569834,5.22,360,WA,PURCHASE,A,3 years,$100k-$150k,CURRENT,0,Freedom Mortgage,2024-08-01,2024-08-15,COMPLETE,ORIGINATION_LOS
LN-1219,BW-719,Sandra Rodriguez,USDA,2021-09-09,2051-09-09,522000,504762,6.78,360,GA,PURCHASE,B,9 years,$50k-$75k,CURRENT,0,Chase Home Lending,2024-08-01,2024-08-15,COMPLETE,ORIGINATION_LOS
LN-1220,BW-720,Mary Jones,FHA,2021-05-24,2051-05-24,528000,502263,5.24,360,KY,PURCHASE,C,8 years,$75k-$100k,CURRENT,0,Nationstar Mortgage,2024-08-01,2024-08-15,COMPLETE,ORIGINATION_LOS
LN-1221,BW-721,Mark Jackson,FHA,2023-04-05,2053-04-05,238000,234873,7.22,360,NC,PURCHASE,C,5 years,$100k-$150k,CURRENT,0,Wells Fargo Servicing,2024-08-01,2024-08-15,COMPLETE,ORIGINATION_LOS
LN-1222,BW-722,Joshua Wilson,CONVENTIONAL,2022-10-27,2052-10-27,400000,391528,6.47,360,OR,PURCHASE,B,3 years,$75k-$100k,CURRENT,0,Wells Fargo Servicing,2024-08-01,2024-08-15,COMPLETE,ORIGINATION_LOS
LN-1223,BW-723,Mary Garcia,JUMBO,2022-01-24,2052-01-24,171000,166567,7.37,360,WA,PURCHASE,C,3 years,$150k+,CURRENT,0,Nationstar Mortgage,2024-08-01,2024-08-15,COMPLETE,ORIGINATION_LOS
LN-1224,BW-724,Charles King,VA,2023-04-07,2053-04-07,623000,612791,6.05,360,NY,PURCHASE,D,12 years,$75k-$100k,CURRENT,0,Freedom Mortgage,2024-08-01,2024-08-15,COMPLETE,ORIGINATION_LOS
LN-1225,BW-725,Kimberly Thompson,VA,2023-09-12,2053-09-12,448000,442127,5.16,360,NV,PURCHASE,C,7 years,$50k-$75k,CURRENT,0,PennyMac Loan Services,2024-08-01,2024-08-15,COMPLETE,ORIGINATION_LOS
LN-1226,BW-726,Mary Perez,FHA,2023-07-17,2053-07-17,173000,171173,7.23,360,OK,PURCHASE,D,7 years,$75k-$100k,CURRENT,0,Freedom Mortgage,2024-08-01,2024-08-15,COMPLETE,ORIGINATION_LOS
LN-1227,BW-727,Lisa Harris,CONVENTIONAL,2022-12-17,2052-12-17,400000,390652,5.38,360,KY,PURCHASE,D,12 years,$50k-$75k,CURRENT,0,Chase Home Lending,2024-08-01,2024-08-15,COMPLETE,ORIGINATION_LOS
LN-1228,BW-728,Nancy Robinson,CONVENTIONAL,2021-04-21,2051-04-21,291000,280192,6.95,360,MA,PURCHASE,B,11 years,$75k-$100k,CURRENT,0,PennyMac Loan Services,2024-08-01,2024-08-15,COMPLETE,ORIGINATION_LOS
LN-1229,BW-729,Anthony Martinez,USDA,2023-05-02,2053-05-02,281000,276279,5.55,360,AZ,PURCHASE,D,6 years,$150k+,CURRENT,0,Chase Home Lending,2024-08-01,2024-08-15,COMPLETE,ORIGINATION_LOS
LN-1230,BW-730,Thomas Martinez,VA,2023-06-02,2053-06-02,230000,226984,6.5,360,WI,PURCHASE,A,4 years,$100k-$150k,CURRENT,0,PennyMac Loan Services,2024-08-01,2024-08-15,COMPLETE,ORIGINATION_LOS
LN-1231,BW-731,David White,CONVENTIONAL,2021-08-26,2051-08-26,346000,334149,6.75,360,IL,PURCHASE,A,4 years,$100k-$150k,CURRENT,0,Chase Home Lending,2024-08-01,2024-08-15,COMPLETE,ORIGINATION_LOS
LN-1232,BW-732,Susan Moore,FHA,2021-08-25,2051-08-25,556000,536222,6.54,360,MN,PURCHASE,D,12 years,$75k-$100k,CURRENT,0,Nationstar Mortgage,2024-08-01,2024-08-15,COMPLETE,ORIGINATION_LOS
LN-1233,BW-733,Barbara Johnson,FHA,2021-05-11,2051-05-11,213000,206120,7.56,360,SC,PURCHASE,A,7 years,$50k-$75k,CURRENT,0,PennyMac Loan Services,2024-08-01,2024-08-15,COMPLETE,ORIGINATION_LOS
LN-1234,BW-734,Andrew Allen,CONVENTIONAL,2023-10-21,2053-10-21,304000,300665,5.6,360,OH,PURCHASE,C,5 years,$100k-$150k,CURRENT,0,Freedom Mortgage,2024-08-01,2024-08-15,COMPLETE,ORIGINATION_LOS
LN-1235,BW-735,Jennifer Wilson,VA,2023-01-20,2053-01-20,162000,158327,5.25,360,CA,PURCHASE,C,9 years,$100k-$150k,CURRENT,0,PennyMac Loan Services,2024-08-01,2024-08-15,COMPLETE,ORIGINATION_LOS
LN-1236,BW-736,Karen Robinson,JUMBO,2022-01-02,2052-01-02,156000,150889,6.09,360,MA,PURCHASE,A,11 years,$100k-$150k,CURRENT,0,Chase Home Lending,2024-08-01,2024-08-15,COMPLETE,ORIGINATION_LOS
LN-1237,BW-737,William Hernandez,VA,2023-01-08,2053-01-08,388000,380293,5.98,360,SC,PURCHASE,A,8 years,$150k+,CURRENT,0,Nationstar Mortgage,2024-08-01,2024-08-15,COMPLETE,ORIGINATION_LOS
LN-1238,BW-738,Paul Hernandez,FHA,2021-01-02,2051-01-02,189000,180635,6.42,360,MI,PURCHASE,D,2 years,$50k-$75k,CURRENT,0,Rocket Mortgage Servicing,2024-08-01,2024-08-15,COMPLETE,ORIGINATION_LOS
LN-1239,BW-739,James Moore,FHA,2021-03-25,2051-03-25,578000,558991,7.77,360,AL,PURCHASE,C,4 years,$75k-$100k,CURRENT,0,Chase Home Lending,2024-08-01,2024-08-15,COMPLETE,ORIGINATION_LOS
LN-1240,BW-740,Joshua Clark,CONVENTIONAL,2023-08-21,2053-08-21,622000,614982,6.45,360,VA,PURCHASE,A,10 years,$75k-$100k,CURRENT,0,Rocket Mortgage Servicing,2024-08-01,2024-08-15,COMPLETE,ORIGINATION_LOS
LN-1241,BW-741,Nancy Thomas,USDA,2021-01-02,2051-01-02,291000,279891,7.25,360,IL,PURCHASE,A,3 years,$100k-$150k,CURRENT,0,Rocket Mortgage Servicing,2024-08-01,2024-08-15,COMPLETE,ORIGINATION_LOS
LN-1242,BW-742,David Robinson,VA,2021-03-20,2051-03-20,452000,432591,6.29,360,UT,PURCHASE,D,9 years,$75k-$100k,CURRENT,0,Freedom Mortgage,2024-08-01,2024-08-15,COMPLETE,ORIGINATION_LOS
LN-1243,BW-743,Andrew Brown,CONVENTIONAL,2023-01-07,2053-01-07,614000,605082,7.64,360,CO,PURCHASE,D,8 years,$150k+,CURRENT,0,Wells Fargo Servicing,2024-08-01,2024-08-15,COMPLETE,ORIGINATION_LOS
LN-1244,BW-744,Thomas Robinson,FHA,2021-12-14,2051-12-14,405000,391871,6.34,360,NC,PURCHASE,A,7 years,$50k-$75k,CURRENT,0,Wells Fargo Servicing,2024-08-01,2024-08-15,COMPLETE,ORIGINATION_LOS
LN-1245,BW-745,Susan Taylor,CONVENTIONAL,2021-01-26,2051-01-26,612000,579643,5.39,360,OH,PURCHASE,D,3 years,$100k-$150k,CURRENT,0,Rocket Mortgage Servicing,2024-08-01,2024-08-15,COMPLETE,ORIGINATION_LOS
LN-1246,BW-746,Barbara Martin,JUMBO,2021-11-02,2051-11-02,614000,597848,7.66,360,GA,PURCHASE,D,8 years,$50k-$75k,CURRENT,0,Nationstar Mortgage,2024-08-01,2024-08-15,COMPLETE,ORIGINATION_LOS
LN-1247,BW-747,Susan Robinson,USDA,2021-11-05,2051-11-05,330000,316242,5.1,360,CT,PURCHASE,A,11 years,$50k-$75k,CURRENT,0,Rocket Mortgage Servicing,2024-08-01,2024-08-15,COMPLETE,ORIGINATION_LOS
LN-1248,BW-748,William Martin,FHA,2023-06-14,2053-06-14,245000,242029,6.91,360,CT,PURCHASE,B,5 years,$75k-$100k,CURRENT,0,Chase Home Lending,2024-08-01,2024-08-15,COMPLETE,ORIGINATION_LOS
LN-1249,BW-749,John Harris,USDA,2023-12-28,2053-12-28,354000,350560,5.02,360,MO,PURCHASE,C,7 years,$100k-$150k,CURRENT,0,Freedom Mortgage,2024-08-01,2024-08-15,COMPLETE,ORIGINATION_LOS
LN-1250,BW-750,Christopher Clark,VA,2023-07-15,2053-07-15,642000,635129,7.16,360,NJ,PURCHASE,A,12 years,$100k-$150k,CURRENT,0,Rocket Mortgage Servicing,2024-08-01,2024-08-15,COMPLETE,ORIGINATION_LOS
LN-1251,BW-751,Linda Hill,VA,2021-02-24,2051-02-24,567000,534420,4.74,360,MO,PURCHASE,D,10 years,$100k-$150k,CURRENT,0,Freedom Mortgage,2024-08-01,2024-08-15,COMPLETE,ORIGINATION_LOS
LN-1252,BW-752,Matthew Wright,USDA,2023-03-26,2053-03-26,544000,533440,5.47,360,UT,PURCHASE,C,10 years,$75k-$100k,CURRENT,0,Freedom Mortgage,2024-08-01,2024-08-15,COMPLETE,ORIGINATION_LOS
LN-1253,BW-753,Charles Hill,USDA,2021-03-12,2051-03-12,630000,600788,5.85,360,LA,PURCHASE,A,2 years,$100k-$150k,CURRENT,0,Nationstar Mortgage,2024-08-01,2024-08-15,COMPLETE,ORIGINATION_LOS
LN-1254,BW-754,Joshua Lopez,CONVENTIONAL,2021-06-17,2051-06-17,496000,478318,6.86,360,WI,PURCHASE,B,2 years,$75k-$100k,CURRENT,0,Nationstar Mortgage,2024-08-01,2024-08-15,COMPLETE,ORIGINATION_LOS
LN-1255,BW-755,Lisa Martinez,VA,2023-12-23,2053-12-23,524000,519705,5.94,360,VA,PURCHASE,A,2 years,$50k-$75k,CURRENT,0,Chase Home Lending,2024-08-01,2024-08-15,COMPLETE,ORIGINATION_LOS
LN-1256,BW-756,Linda Ramirez,VA,2022-03-19,2052-03-19,232000,223217,4.86,360,WI,PURCHASE,C,5 years,$75k-$100k,CURRENT,0,Nationstar Mortgage,2024-08-01,2024-08-15,COMPLETE,ORIGINATION_LOS
LN-1257,BW-757,Susan Ramirez,CONVENTIONAL,2022-07-22,2052-07-22,249000,242663,6.21,360,MA,PURCHASE,B,8 years,$50k-$75k,CURRENT,0,Nationstar Mortgage,2024-08-01,2024-08-15,COMPLETE,ORIGINATION_LOS
LN-1258,BW-758,Margaret Wright,CONVENTIONAL,2022-03-21,2052-03-21,639000,623515,7.34,360,VA,PURCHASE,C,7 years,$100k-$150k,CURRENT,0,Nationstar Mortgage,2024-08-01,2024-08-15,COMPLETE,ORIGINATION_LOS
LN-1259,BW-759,Sandra Nguyen,USDA,2023-06-22,2053-06-22,421000,415428,6.45,360,CA,PURCHASE,B,3 years,$75k-$100k,CURRENT,0,PennyMac Loan Services,2024-08-01,2024-08-15,COMPLETE,ORIGINATION_LOS
LN-1260,BW-760,Lisa Smith,VA,2023-09-17,2053-09-17,377000,372581,5.77,360,OR,PURCHASE,A,11 years,$50k-$75k,CURRENT,0,Chase Home Lending,2024-08-01,2024-08-15,COMPLETE,ORIGINATION_LOS
LN-1261,BW-761,Patricia Martin,VA,2023-04-07,2053-04-07,220000,215541,4.88,360,WA,PURCHASE,B,7 years,$100k-$150k,CURRENT,0,PennyMac Loan Services,2024-08-01,2024-08-15,COMPLETE,ORIGINATION_LOS
LN-1262,BW-762,Patricia Wilson,USDA,2022-01-18,2052-01-18,350000,341584,7.77,360,FL,PURCHASE,D,5 years,$75k-$100k,CURRENT,0,Freedom Mortgage,2024-08-01,2024-08-15,COMPLETE,ORIGINATION_LOS
LN-1263,BW-763,Paul Sanchez,VA,2023-03-19,2053-03-19,606000,595519,6.1,360,PA,PURCHASE,D,6 years,$50k-$75k,CURRENT,0,Rocket Mortgage Servicing,2024-08-01,2024-08-15,COMPLETE,ORIGINATION_LOS
LN-1264,BW-764,Joseph Taylor,FHA,2021-08-28,2051-08-28,193000,184680,5.45,360,NC,PURCHASE,A,8 years,$150k+,CURRENT,0,Rocket Mortgage Servicing,2024-08-01,2024-08-15,COMPLETE,ORIGINATION_LOS
LN-1265,BW-765,David Ramirez,CONVENTIONAL,2023-07-05,2053-07-05,298000,294536,6.73,360,IN,PURCHASE,B,12 years,$50k-$75k,CURRENT,0,Wells Fargo Servicing,2024-08-01,2024-08-15,COMPLETE,ORIGINATION_LOS
LN-1266,BW-766,Ashley Hernandez,FHA,2022-11-18,2052-11-18,361000,354053,6.72,360,WI,PURCHASE,C,4 years,$75k-$100k,CURRENT,0,Wells Fargo Servicing,2024-08-01,2024-08-15,COMPLETE,ORIGINATION_LOS
LN-1267,BW-767,Matthew Davis,FHA,2021-01-18,2051-01-18,172000,165458,7.27,360,OR,PURCHASE,B,3 years,$100k-$150k,CURRENT,0,Rocket Mortgage Servicing,2024-08-01,2024-08-15,COMPLETE,ORIGINATION_LOS
LN-1268,BW-768,Mark Brown,FHA,2023-04-25,2053-04-25,513000,502304,4.72,360,FL,PURCHASE,B,9 years,$75k-$100k,CURRENT,0,Freedom Mortgage,2024-08-01,2024-08-15,COMPLETE,ORIGINATION_LOS
LN-1269,BW-769,Donald Williams,FHA,2023-05-01,2053-05-01,514000,505675,5.75,360,CO,PURCHASE,A,7 years,$100k-$150k,CURRENT,0,PennyMac Loan Services,2024-08-01,2024-08-15,COMPLETE,ORIGINATION_LOS
LN-1270,BW-770,Christopher King,JUMBO,2023-08-15,2053-08-15,554000,545267,4.63,360,MA,PURCHASE,C,6 years,$75k-$100k,CURRENT,0,Nationstar Mortgage,2024-08-01,2024-08-15,COMPLETE,ORIGINATION_LOS
LN-1271,BW-771,Donald Garcia,FHA,2022-12-19,2052-12-19,262000,256407,5.88,360,MO,PURCHASE,C,2 years,$100k-$150k,CURRENT,0,Wells Fargo Servicing,2024-08-01,2024-08-15,COMPLETE,ORIGINATION_LOS
LN-1272,BW-772,Emily Brown,CONVENTIONAL,2022-10-24,2052-10-24,497000,484280,5.43,360,CA,PURCHASE,B,11 years,$150k+,CURRENT,0,PennyMac Loan Services,2024-08-01,2024-08-15,COMPLETE,ORIGINATION_LOS
LN-1273,BW-773,Michael Robinson,VA,2023-08-10,2053-08-10,406000,402124,7.32,360,NY,PURCHASE,C,5 years,$100k-$150k,CURRENT,0,Wells Fargo Servicing,2024-08-01,2024-08-15,COMPLETE,ORIGINATION_LOS
LN-1274,BW-774,Andrew Williams,VA,2023-06-17,2053-06-17,584000,575823,6.15,360,GA,PURCHASE,A,8 years,$150k+,CURRENT,0,Chase Home Lending,2024-08-01,2024-08-15,COMPLETE,ORIGINATION_LOS
LN-1275,BW-775,Elizabeth Perez,VA,2023-07-21,2053-07-21,174000,171188,4.95,360,IN,PURCHASE,D,2 years,$150k+,CURRENT,0,Wells Fargo Servicing,2024-08-01,2024-08-15,COMPLETE,ORIGINATION_LOS
LN-1276,BW-776,Patricia Harris,FHA,2023-06-10,2053-06-10,462000,454558,5.39,360,WI,PURCHASE,D,7 years,$100k-$150k,CURRENT,0,PennyMac Loan Services,2024-08-01,2024-08-15,COMPLETE,ORIGINATION_LOS
LN-1277,BW-777,Matthew Garcia,CONVENTIONAL,2022-11-05,2052-11-05,511000,496352,4.51,360,TX,PURCHASE,A,2 years,$50k-$75k,CURRENT,0,Freedom Mortgage,2024-08-01,2024-08-15,COMPLETE,ORIGINATION_LOS
LN-1278,BW-778,Nancy Walker,JUMBO,2022-08-24,2052-08-24,184000,180263,7.19,360,WA,PURCHASE,C,7 years,$100k-$150k,CURRENT,0,Nationstar Mortgage,2024-08-01,2024-08-15,COMPLETE,ORIGINATION_LOS
LN-1279,BW-779,Anthony Clark,USDA,2021-12-20,2051-12-20,535000,511653,4.64,360,IL,PURCHASE,C,11 years,$150k+,CURRENT,0,Nationstar Mortgage,2024-08-01,2024-08-15,COMPLETE,ORIGINATION_LOS
LN-1280,BW-780,William White,VA,2021-08-08,2051-08-08,515000,498205,7.02,360,IL,PURCHASE,C,10 years,$50k-$75k,CURRENT,0,Freedom Mortgage,2024-08-01,2024-08-15,COMPLETE,ORIGINATION_LOS
LN-1281,BW-781,Anthony Clark,FHA,2021-01-24,2051-01-24,516000,485432,4.71,360,NY,PURCHASE,A,5 years,$100k-$150k,CURRENT,0,PennyMac Loan Services,2024-08-01,2024-08-15,COMPLETE,ORIGINATION_LOS
LN-1282,BW-782,Ashley Garcia,VA,2022-02-04,2052-02-04,205000,197227,5.06,360,NY,PURCHASE,A,4 years,$75k-$100k,CURRENT,0,Rocket Mortgage Servicing,2024-08-01,2024-08-15,COMPLETE,ORIGINATION_LOS
LN-1283,BW-783,Joshua Martin,CONVENTIONAL,2023-01-07,2053-01-07,428000,420394,6.58,360,MD,PURCHASE,B,10 years,$100k-$150k,CURRENT,0,Rocket Mortgage Servicing,2024-08-01,2024-08-15,COMPLETE,ORIGINATION_LOS
LN-1284,BW-784,Susan Torres,USDA,2021-08-18,2051-08-18,320000,304377,4.72,360,NC,PURCHASE,B,8 years,$100k-$150k,CURRENT,0,PennyMac Loan Services,2024-08-01,2024-08-15,COMPLETE,ORIGINATION_LOS
LN-1285,BW-785,Christopher Hernandez,USDA,2023-03-02,2053-03-02,175000,171297,4.99,360,LA,PURCHASE,D,3 years,$50k-$75k,CURRENT,0,Chase Home Lending,2024-08-01,2024-08-15,COMPLETE,ORIGINATION_LOS
LN-1286,BW-786,Richard Thomas,VA,2023-09-14,2053-09-14,261000,257981,5.84,360,VA,PURCHASE,D,9 years,$75k-$100k,CURRENT,0,Rocket Mortgage Servicing,2024-08-01,2024-08-15,COMPLETE,ORIGINATION_LOS
LN-1287,BW-787,Matthew Hill,VA,2021-03-15,2051-03-15,553000,533783,7.47,360,CO,PURCHASE,B,12 years,$50k-$75k,CURRENT,0,Rocket Mortgage Servicing,2024-08-01,2024-08-15,COMPLETE,ORIGINATION_LOS
LN-1288,BW-788,William Sanchez,FHA,2022-09-16,2052-09-16,388000,377025,5.13,360,MA,PURCHASE,A,3 years,$75k-$100k,CURRENT,0,PennyMac Loan Services,2024-08-01,2024-08-15,COMPLETE,ORIGINATION_LOS
LN-1289,BW-789,William Clark,FHA,2022-02-25,2052-02-25,476000,464470,7.54,360,GA,PURCHASE,C,7 years,$100k-$150k,CURRENT,0,Rocket Mortgage Servicing,2024-08-01,2024-08-15,COMPLETE,ORIGINATION_LOS
LN-1290,BW-790,Donna Scott,JUMBO,2023-11-19,2053-11-19,172000,170894,7.82,360,WA,PURCHASE,D,3 years,$50k-$75k,CURRENT,0,PennyMac Loan Services,2024-08-01,2024-08-15,COMPLETE,ORIGINATION_LOS
LN-1291,BW-791,Kimberly Johnson,CONVENTIONAL,2022-08-23,2052-08-23,189000,185226,7.28,360,MD,PURCHASE,B,8 years,$50k-$75k,CURRENT,0,PennyMac Loan Services,2024-08-01,2024-08-15,COMPLETE,ORIGINATION_LOS
LN-1292,BW-792,Michelle Wright,FHA,2023-05-09,2053-05-09,549000,537886,4.51,360,NJ,PURCHASE,A,9 years,$50k-$75k,CURRENT,0,Chase Home Lending,2024-08-01,2024-08-15,COMPLETE,ORIGINATION_LOS
LN-1293,BW-793,Richard Hernandez,VA,2021-02-24,2051-02-24,334000,317254,5.55,360,WA,PURCHASE,C,12 years,$150k+,CURRENT,0,Chase Home Lending,2024-08-01,2024-08-15,COMPLETE,ORIGINATION_LOS
LN-1294,BW-794,Charles Hill,USDA,2021-12-26,2051-12-26,582000,565270,7,360,AZ,PURCHASE,C,6 years,$150k+,CURRENT,0,Rocket Mortgage Servicing,2024-08-01,2024-08-15,COMPLETE,ORIGINATION_LOS
LN-1295,BW-795,David Martin,FHA,2021-02-11,2051-02-11,363000,343848,5.25,360,OK,PURCHASE,B,3 years,$50k-$75k,CURRENT,0,Rocket Mortgage Servicing,2024-08-01,2024-08-15,COMPLETE,ORIGINATION_LOS
LN-1296,BW-796,William Miller,VA,2022-04-09,2052-04-09,457000,444362,6.42,360,CA,PURCHASE,B,11 years,$150k+,CURRENT,0,Chase Home Lending,2024-08-01,2024-08-15,COMPLETE,ORIGINATION_LOS
LN-1297,BW-797,Elizabeth Wright,VA,2022-02-26,2052-02-26,155000,151439,7.82,360,WA,PURCHASE,D,10 years,$50k-$75k,CURRENT,0,Nationstar Mortgage,2024-08-01,2024-08-15,COMPLETE,ORIGINATION_LOS
LN-1298,BW-798,David Flores,VA,2021-04-23,2051-04-23,380000,358625,4.55,360,CO,PURCHASE,A,6 years,$75k-$100k,CURRENT,0,Rocket Mortgage Servicing,2024-08-01,2024-08-15,COMPLETE,ORIGINATION_LOS
LN-1299,BW-799,Donna Scott,VA,2021-01-06,2051-01-06,496000,471506,5.79,360,SC,PURCHASE,C,6 years,$100k-$150k,CURRENT,0,Freedom Mortgage,2024-08-01,2024-08-15,COMPLETE,ORIGINATION_LOS
LN-1300,BW-800,Karen Walker,CONVENTIONAL,2022-04-19,2052-04-19,424000,412124,6.35,360,AZ,PURCHASE,C,10 years,$50k-$75k,CURRENT,0,PennyMac Loan Services,2024-08-01,2024-08-15,COMPLETE,ORIGINATION_LOS
LN-1301,BW-801,Linda Jackson,VA,2021-07-14,2051-07-14,615000,591424,6.29,360,LA,PURCHASE,C,2 years,$150k+,CURRENT,0,Rocket Mortgage Servicing,2024-08-01,2024-08-15,COMPLETE,ORIGINATION_LOS
LN-1302,BW-802,David Walker,FHA,2021-08-09,2051-08-09,171000,163552,5.39,360,IL,PURCHASE,A,2 years,$100k-$150k,CURRENT,0,Nationstar Mortgage,2024-08-01,2024-08-15,COMPLETE,ORIGINATION_LOS
LN-1303,BW-803,Donald White,JUMBO,2022-10-13,2052-10-13,600000,583162,4.91,360,MN,PURCHASE,B,8 years,$75k-$100k,CURRENT,0,Rocket Mortgage Servicing,2024-08-01,2024-08-15,COMPLETE,ORIGINATION_LOS
LN-1304,BW-804,Christopher King,JUMBO,2021-05-27,2051-05-27,312000,301077,7.12,360,IL,PURCHASE,A,4 years,$75k-$100k,CURRENT,0,Wells Fargo Servicing,2024-08-01,2024-08-15,COMPLETE,ORIGINATION_LOS
LN-1305,BW-805,Ashley Brown,USDA,2022-09-20,2052-09-20,262000,257133,7.42,360,OR,PURCHASE,B,8 years,$150k+,CURRENT,0,Rocket Mortgage Servicing,2024-08-01,2024-08-15,COMPLETE,ORIGINATION_LOS
LN-1306,BW-806,Daniel Martin,FHA,2021-12-25,2051-12-25,648000,624164,5.63,360,MD,PURCHASE,B,9 years,$75k-$100k,CURRENT,0,Nationstar Mortgage,2024-08-01,2024-08-15,COMPLETE,ORIGINATION_LOS
LN-1307,BW-807,Patricia Nguyen,FHA,2023-05-14,2053-05-14,444000,436540,5.55,360,MO,PURCHASE,C,6 years,$50k-$75k,CURRENT,0,Nationstar Mortgage,2024-08-01,2024-08-15,COMPLETE,ORIGINATION_LOS
LN-1308,BW-808,Richard Gonzalez,CONVENTIONAL,2021-05-28,2051-05-28,431000,407797,4.65,360,NV,PURCHASE,D,9 years,$100k-$150k,CURRENT,0,Freedom Mortgage,2024-08-01,2024-08-15,COMPLETE,ORIGINATION_LOS
LN-1309,BW-809,Matthew Jackson,JUMBO,2021-08-01,2051-08-01,554000,526998,4.73,360,PA,PURCHASE,A,10 years,$75k-$100k,CURRENT,0,PennyMac Loan Services,2024-08-01,2024-08-15,COMPLETE,ORIGINATION_LOS
LN-1310,BW-810,Mary Flores,VA,2021-04-23,2051-04-23,176000,169943,7.37,360,NC,PURCHASE,C,11 years,$75k-$100k,CURRENT,0,Rocket Mortgage Servicing,2024-08-01,2024-08-15,COMPLETE,ORIGINATION_LOS
LN-1311,BW-811,Steven Martin,JUMBO,2022-02-27,2052-02-27,153000,148573,6.58,360,CT,PURCHASE,B,9 years,$50k-$75k,CURRENT,0,Wells Fargo Servicing,2024-08-01,2024-08-15,COMPLETE,ORIGINATION_LOS
LN-1312,BW-812,Jennifer Young,JUMBO,2022-12-19,2052-12-19,442000,435062,7.52,360,FL,PURCHASE,A,2 years,$50k-$75k,CURRENT,0,Wells Fargo Servicing,2024-08-01,2024-08-15,COMPLETE,ORIGINATION_LOS
LN-1313,BW-813,Richard Hill,JUMBO,2023-11-20,2053-11-20,298000,294829,5.18,360,TX,PURCHASE,C,12 years,$75k-$100k,CURRENT,0,PennyMac Loan Services,2024-08-01,2024-08-15,COMPLETE,ORIGINATION_LOS
LN-1314,BW-814,Patricia Allen,USDA,2022-12-24,2052-12-24,625000,612649,6.3,360,NV,PURCHASE,A,3 years,$75k-$100k,CURRENT,0,Wells Fargo Servicing,2024-08-01,2024-08-15,COMPLETE,ORIGINATION_LOS
LN-1315,BW-815,Karen Jones,JUMBO,2023-11-10,2053-11-10,315000,311983,5.75,360,WA,PURCHASE,B,4 years,$100k-$150k,CURRENT,0,Wells Fargo Servicing,2024-08-01,2024-08-15,COMPLETE,ORIGINATION_LOS
LN-1316,BW-816,Joshua Anderson,CONVENTIONAL,2023-05-13,2053-05-13,614000,603086,5.24,360,LA,PURCHASE,A,11 years,$50k-$75k,CURRENT,0,Wells Fargo Servicing,2024-08-01,2024-08-15,COMPLETE,ORIGINATION_LOS
LN-1317,BW-817,John Sanchez,FHA,2023-12-02,2053-12-02,464000,460882,6.98,360,WA,PURCHASE,C,8 years,$75k-$100k,CURRENT,0,Rocket Mortgage Servicing,2024-08-01,2024-08-15,COMPLETE,ORIGINATION_LOS
LN-1318,BW-818,Steven Smith,VA,2022-04-16,2052-04-16,427000,412032,5.09,360,OK,PURCHASE,C,11 years,$150k+,CURRENT,0,Wells Fargo Servicing,2024-08-01,2024-08-15,COMPLETE,ORIGINATION_LOS
LN-1319,BW-819,Sandra Williams,CONVENTIONAL,2022-03-24,2052-03-24,434000,421307,6.32,360,UT,PURCHASE,D,6 years,$150k+,CURRENT,0,Freedom Mortgage,2024-08-01,2024-08-15,COMPLETE,ORIGINATION_LOS
LN-1320,BW-820,Charles Miller,FHA,2023-05-27,2053-05-27,563000,556602,7.62,360,IL,PURCHASE,D,11 years,$100k-$150k,CURRENT,0,Wells Fargo Servicing,2024-08-01,2024-08-15,COMPLETE,ORIGINATION_LOS
LN-1321,BW-821,Nancy Anderson,FHA,2021-04-20,2051-04-20,602000,569244,4.75,360,OH,PURCHASE,D,4 years,$150k+,CURRENT,0,Wells Fargo Servicing,2024-08-01,2024-08-15,COMPLETE,ORIGINATION_LOS
LN-1322,BW-822,Steven Taylor,FHA,2022-12-13,2052-12-13,153000,150575,7.47,360,AZ,PURCHASE,D,6 years,$150k+,CURRENT,0,Wells Fargo Servicing,2024-08-01,2024-08-15,COMPLETE,ORIGINATION_LOS
LN-1323,BW-823,Barbara Smith,CONVENTIONAL,2023-05-07,2053-05-07,427000,419314,5.17,360,NJ,PURCHASE,C,8 years,$150k+,CURRENT,0,Freedom Mortgage,2024-08-01,2024-08-15,COMPLETE,ORIGINATION_LOS
LN-1324,BW-824,Kimberly Miller,VA,2023-12-25,2053-12-25,365000,362396,6.67,360,FL,PURCHASE,B,11 years,$150k+,CURRENT,0,Rocket Mortgage Servicing,2024-08-01,2024-08-15,COMPLETE,ORIGINATION_LOS
LN-1325,BW-825,Donald Scott,CONVENTIONAL,2023-08-21,2053-08-21,472000,467865,7.76,360,MO,PURCHASE,A,2 years,$150k+,CURRENT,0,Rocket Mortgage Servicing,2024-08-01,2024-08-15,COMPLETE,ORIGINATION_LOS
LN-1326,BW-826,Andrew Anderson,CONVENTIONAL,2021-09-09,2051-09-09,157000,149687,4.82,360,SC,PURCHASE,D,5 years,$100k-$150k,CURRENT,0,Wells Fargo Servicing,2024-08-01,2024-08-15,COMPLETE,ORIGINATION_LOS
LN-1327,BW-827,Anthony Garcia,JUMBO,2022-01-13,2052-01-13,537000,515438,4.93,360,CA,PURCHASE,A,9 years,$150k+,CURRENT,0,Nationstar Mortgage,2024-08-01,2024-08-15,COMPLETE,ORIGINATION_LOS
LN-1328,BW-828,Jessica Wilson,CONVENTIONAL,2022-02-24,2052-02-24,448000,432597,5.62,360,AL,PURCHASE,C,5 years,$75k-$100k,CURRENT,0,Wells Fargo Servicing,2024-08-01,2024-08-15,COMPLETE,ORIGINATION_LOS
LN-1329,BW-829,Robert Young,VA,2021-10-14,2051-10-14,346000,335251,6.94,360,NJ,PURCHASE,B,12 years,$75k-$100k,CURRENT,0,Chase Home Lending,2024-08-01,2024-08-15,COMPLETE,ORIGINATION_LOS
LN-1330,BW-830,Sandra Flores,JUMBO,2023-04-28,2053-04-28,473000,464596,5.61,360,CO,PURCHASE,D,10 years,$50k-$75k,CURRENT,0,PennyMac Loan Services,2024-08-01,2024-08-15,COMPLETE,ORIGINATION_LOS
LN-1331,BW-831,Barbara Hill,CONVENTIONAL,2021-04-27,2051-04-27,594000,570088,6.5,360,CT,PURCHASE,D,11 years,$100k-$150k,CURRENT,0,Freedom Mortgage,2024-08-01,2024-08-15,COMPLETE,ORIGINATION_LOS
LN-1332,BW-832,Patricia Ramirez,FHA,2022-03-02,2052-03-02,633000,608869,4.82,360,OK,PURCHASE,D,12 years,$150k+,CURRENT,0,Wells Fargo Servicing,2024-08-01,2024-08-15,COMPLETE,ORIGINATION_LOS
LN-1333,BW-833,Mark Anderson,VA,2021-01-01,2051-01-01,213000,200151,4.6,360,MI,PURCHASE,B,5 years,$75k-$100k,CURRENT,0,Freedom Mortgage,2024-08-01,2024-08-15,COMPLETE,ORIGINATION_LOS
LN-1334,BW-834,Joshua Young,USDA,2023-04-21,2053-04-21,579000,571363,7.2,360,CO,PURCHASE,B,8 years,$50k-$75k,CURRENT,0,Nationstar Mortgage,2024-08-01,2024-08-15,COMPLETE,ORIGINATION_LOS
LN-1335,BW-835,Charles Gonzalez,JUMBO,2023-02-21,2053-02-21,541000,530292,5.69,360,AL,PURCHASE,B,6 years,$75k-$100k,CURRENT,0,Nationstar Mortgage,2024-08-01,2024-08-15,COMPLETE,ORIGINATION_LOS
LN-1336,BW-836,Matthew Hill,VA,2023-06-09,2053-06-09,345000,339967,5.93,360,LA,PURCHASE,C,5 years,$100k-$150k,CURRENT,0,Freedom Mortgage,2024-08-01,2024-08-15,COMPLETE,ORIGINATION_LOS
LN-1337,BW-837,Michelle Ramirez,VA,2022-09-27,2052-09-27,379000,372053,7.49,360,NC,PURCHASE,A,12 years,$75k-$100k,CURRENT,0,Nationstar Mortgage,2024-08-01,2024-08-15,COMPLETE,ORIGINATION_LOS
LN-1338,BW-838,Joshua Jackson,FHA,2022-09-08,2052-09-08,612000,601120,7.65,360,MA,PURCHASE,C,6 years,$100k-$150k,CURRENT,0,Freedom Mortgage,2024-08-01,2024-08-15,COMPLETE,ORIGINATION_LOS
LN-1339,BW-839,Charles Sanchez,CONVENTIONAL,2021-12-22,2051-12-22,529000,514694,7.33,360,OK,PURCHASE,B,10 years,$100k-$150k,CURRENT,0,Rocket Mortgage Servicing,2024-08-01,2024-08-15,COMPLETE,ORIGINATION_LOS
LN-1340,BW-840,Thomas Allen,CONVENTIONAL,2021-05-13,2051-05-13,502000,482802,6.63,360,CA,PURCHASE,B,10 years,$150k+,CURRENT,0,Rocket Mortgage Servicing,2024-08-01,2024-08-15,COMPLETE,ORIGINATION_LOS
LN-1341,BW-841,Anthony Martinez,VA,2022-05-26,2052-05-26,401000,386329,4.62,360,CT,PURCHASE,C,8 years,$50k-$75k,CURRENT,0,Chase Home Lending,2024-08-01,2024-08-15,COMPLETE,ORIGINATION_LOS
LN-1342,BW-842,Daniel Taylor,FHA,2021-03-19,2051-03-19,295000,279866,5.26,360,NJ,PURCHASE,B,6 years,$50k-$75k,CURRENT,0,Wells Fargo Servicing,2024-08-01,2024-08-15,COMPLETE,ORIGINATION_LOS
LN-1343,BW-843,Steven Thompson,CONVENTIONAL,2022-06-08,2052-06-08,417000,402761,4.79,360,CT,PURCHASE,B,7 years,$75k-$100k,CURRENT,0,Rocket Mortgage Servicing,2024-08-01,2024-08-15,COMPLETE,ORIGINATION_LOS
LN-1344,BW-844,William Thompson,USDA,2021-06-10,2051-06-10,542000,515019,4.95,360,WI,PURCHASE,D,3 years,$50k-$75k,CURRENT,0,PennyMac Loan Services,2024-08-01,2024-08-15,COMPLETE,ORIGINATION_LOS
LN-1345,BW-845,Andrew Miller,CONVENTIONAL,2023-04-23,2053-04-23,567000,554819,4.55,360,NJ,PURCHASE,C,12 years,$50k-$75k,CURRENT,0,Nationstar Mortgage,2024-08-01,2024-08-15,COMPLETE,ORIGINATION_LOS
LN-1346,BW-846,Steven Gonzalez,CONVENTIONAL,2021-09-14,2051-09-14,428000,409571,5.28,360,GA,PURCHASE,B,10 years,$100k-$150k,CURRENT,0,Nationstar Mortgage,2024-08-01,2024-08-15,COMPLETE,ORIGINATION_LOS
LN-1347,BW-847,Charles Moore,CONVENTIONAL,2023-11-08,2053-11-08,490000,485902,6.47,360,WA,PURCHASE,A,10 years,$75k-$100k,CURRENT,0,Wells Fargo Servicing,2024-08-01,2024-08-15,COMPLETE,ORIGINATION_LOS
LN-1348,BW-848,Emily Garcia,JUMBO,2021-06-06,2051-06-06,588000,562078,5.66,360,NJ,PURCHASE,B,5 years,$50k-$75k,CURRENT,0,Freedom Mortgage,2024-08-01,2024-08-15,COMPLETE,ORIGINATION_LOS
LN-1349,BW-849,Anthony Sanchez,USDA,2023-01-25,2053-01-25,548000,536668,5.76,360,IL,PURCHASE,C,4 years,$150k+,CURRENT,0,PennyMac Loan Services,2024-08-01,2024-08-15,COMPLETE,ORIGINATION_LOS
LN-1350,BW-850,Susan Sanchez,FHA,2022-09-28,2052-09-28,498000,485137,5.64,360,OH,PURCHASE,D,2 years,$75k-$100k,CURRENT,0,Wells Fargo Servicing,2024-08-01,2024-08-15,COMPLETE,ORIGINATION_LOS
LN-1351,BW-851,Michael Hernandez,JUMBO,2022-03-19,2052-03-19,600000,578954,5.3,360,KY,PURCHASE,D,3 years,$50k-$75k,CURRENT,0,Wells Fargo Servicing,2024-08-01,2024-08-15,COMPLETE,ORIGINATION_LOS
LN-1352,BW-852,Andrew Martinez,VA,2022-03-03,2052-03-03,622000,597713,4.68,360,TX,PURCHASE,D,7 years,$100k-$150k,CURRENT,0,PennyMac Loan Services,2024-08-01,2024-08-15,COMPLETE,ORIGINATION_LOS
LN-1353,BW-853,Christopher Nguyen,VA,2021-10-08,2051-10-08,545000,530096,7.63,360,FL,PURCHASE,B,11 years,$50k-$75k,CURRENT,0,Rocket Mortgage Servicing,2024-08-01,2024-08-15,COMPLETE,ORIGINATION_LOS
LN-1354,BW-854,William Moore,VA,2022-12-22,2052-12-22,217000,213116,6.83,360,CO,PURCHASE,D,11 years,$75k-$100k,CURRENT,0,Chase Home Lending,2024-08-01,2024-08-15,COMPLETE,ORIGINATION_LOS
LN-1355,BW-855,Patricia Thomas,JUMBO,2021-12-09,2051-12-09,371000,354700,4.6,360,NJ,PURCHASE,B,10 years,$50k-$75k,CURRENT,0,Wells Fargo Servicing,2024-08-01,2024-08-15,COMPLETE,ORIGINATION_LOS
LN-1356,BW-856,Ashley Martin,CONVENTIONAL,2022-12-05,2052-12-05,244000,238298,5.38,360,NJ,PURCHASE,C,11 years,$150k+,CURRENT,0,PennyMac Loan Services,2024-08-01,2024-08-15,COMPLETE,ORIGINATION_LOS
LN-1357,BW-857,Susan Jackson,FHA,2023-05-24,2053-05-24,423000,416286,5.86,360,CT,PURCHASE,A,11 years,$50k-$75k,CURRENT,0,Wells Fargo Servicing,2024-08-01,2024-08-15,COMPLETE,ORIGINATION_LOS
LN-1358,BW-858,Lisa Jackson,JUMBO,2021-09-10,2051-09-10,494000,472249,5.15,360,MA,PURCHASE,D,3 years,$50k-$75k,CURRENT,0,Wells Fargo Servicing,2024-08-01,2024-08-15,COMPLETE,ORIGINATION_LOS
LN-1359,BW-859,Joseph Moore,CONVENTIONAL,2021-01-13,2051-01-13,342000,326541,6.3,360,OH,PURCHASE,D,5 years,$75k-$100k,CURRENT,0,Freedom Mortgage,2024-08-01,2024-08-15,COMPLETE,ORIGINATION_LOS
LN-1360,BW-860,Thomas Young,JUMBO,2023-01-21,2053-01-21,447000,436919,5.28,360,UT,PURCHASE,B,6 years,$50k-$75k,CURRENT,0,Nationstar Mortgage,2024-08-01,2024-08-15,COMPLETE,ORIGINATION_LOS
LN-1361,BW-861,Donald Ramirez,JUMBO,2022-02-02,2052-02-02,489000,473031,5.91,360,MA,PURCHASE,A,5 years,$50k-$75k,CURRENT,0,Nationstar Mortgage,2024-08-01,2024-08-15,COMPLETE,ORIGINATION_LOS
LN-1362,BW-862,John Torres,CONVENTIONAL,2023-12-22,2053-12-22,486000,481707,5.54,360,MD,PURCHASE,D,9 years,$150k+,CURRENT,0,Wells Fargo Servicing,2024-08-01,2024-08-15,COMPLETE,ORIGINATION_LOS
LN-1363,BW-863,Richard Wright,CONVENTIONAL,2022-03-10,2052-03-10,273000,265131,6.4,360,WI,PURCHASE,A,12 years,$50k-$75k,CURRENT,0,PennyMac Loan Services,2024-08-01,2024-08-15,COMPLETE,ORIGINATION_LOS
LN-1364,BW-864,Lisa Thompson,FHA,2021-11-12,2051-11-12,619000,590947,4.61,360,WI,PURCHASE,C,3 years,$50k-$75k,CURRENT,0,Rocket Mortgage Servicing,2024-08-01,2024-08-15,COMPLETE,ORIGINATION_LOS
LN-1365,BW-865,Elizabeth Allen,FHA,2021-11-05,2051-11-05,591000,570171,6.06,360,AZ,PURCHASE,A,6 years,$50k-$75k,CURRENT,0,Nationstar Mortgage,2024-08-01,2024-08-15,COMPLETE,ORIGINATION_LOS
LN-1366,BW-866,Paul Thompson,JUMBO,2022-09-02,2052-09-02,529000,518637,7.14,360,MN,PURCHASE,C,6 years,$100k-$150k,CURRENT,0,Nationstar Mortgage,2024-08-01,2024-08-15,COMPLETE,ORIGINATION_LOS
LN-1367,BW-867,Sandra Thomas,CONVENTIONAL,2021-09-06,2051-09-06,490000,473253,6.59,360,AL,PURCHASE,D,6 years,$50k-$75k,CURRENT,0,Rocket Mortgage Servicing,2024-08-01,2024-08-15,COMPLETE,ORIGINATION_LOS
LN-1368,BW-868,Andrew Jones,VA,2023-01-02,2053-01-02,386000,380426,7.67,360,CO,PURCHASE,D,5 years,$75k-$100k,CURRENT,0,Rocket Mortgage Servicing,2024-08-01,2024-08-15,COMPLETE,ORIGINATION_LOS
LN-1369,BW-869,Susan Williams,VA,2021-01-01,2051-01-01,379000,358689,5.31,360,IL,PURCHASE,C,6 years,$100k-$150k,CURRENT,0,Freedom Mortgage,2024-08-01,2024-08-15,COMPLETE,ORIGINATION_LOS
LN-1370,BW-870,Sarah Davis,CONVENTIONAL,2023-05-12,2053-05-12,190000,186842,5.61,360,NJ,PURCHASE,A,8 years,$75k-$100k,CURRENT,0,Nationstar Mortgage,2024-08-01,2024-08-15,COMPLETE,ORIGINATION_LOS
LN-1371,BW-871,Patricia Ramirez,USDA,2021-03-20,2051-03-20,512000,492659,7.01,360,MI,PURCHASE,C,2 years,$100k-$150k,CURRENT,0,Chase Home Lending,2024-08-01,2024-08-15,COMPLETE,ORIGINATION_LOS
LN-1372,BW-872,Michelle Williams,USDA,2022-12-19,2052-12-19,513000,500419,5.11,360,MN,PURCHASE,C,4 years,$75k-$100k,CURRENT,0,Freedom Mortgage,2024-08-01,2024-08-15,COMPLETE,ORIGINATION_LOS
LN-1373,BW-873,Jessica Anderson,VA,2022-01-15,2052-01-15,289000,279883,6.3,360,OR,PURCHASE,B,8 years,$50k-$75k,CURRENT,0,Nationstar Mortgage,2024-08-01,2024-08-15,COMPLETE,ORIGINATION_LOS
LN-1374,BW-874,Lisa Wilson,USDA,2021-06-13,2051-06-13,197000,188102,5.52,360,MI,PURCHASE,D,4 years,$100k-$150k,CURRENT,0,Wells Fargo Servicing,2024-08-01,2024-08-15,COMPLETE,ORIGINATION_LOS
LN-1375,BW-875,Emily Clark,VA,2023-04-24,2053-04-24,434000,427070,6.19,360,WA,PURCHASE,D,2 years,$75k-$100k,CURRENT,0,Freedom Mortgage,2024-08-01,2024-08-15,COMPLETE,ORIGINATION_LOS
LN-1376,BW-876,Michael Torres,JUMBO,2022-10-25,2052-10-25,576000,561623,5.57,360,OK,PURCHASE,B,3 years,$75k-$100k,CURRENT,0,Freedom Mortgage,2024-08-01,2024-08-15,COMPLETE,ORIGINATION_LOS
LN-1377,BW-877,David Anderson,VA,2022-06-18,2052-06-18,280000,274317,7.65,360,NY,PURCHASE,C,6 years,$100k-$150k,CURRENT,0,PennyMac Loan Services,2024-08-01,2024-08-15,COMPLETE,ORIGINATION_LOS
LN-1378,BW-878,Sarah Jones,USDA,2023-11-25,2053-11-25,251000,248901,6.47,360,IN,PURCHASE,B,11 years,$75k-$100k,CURRENT,0,PennyMac Loan Services,2024-08-01,2024-08-15,COMPLETE,ORIGINATION_LOS
LN-1379,BW-879,Emily Hernandez,VA,2022-10-08,2052-10-08,476000,466731,6.92,360,AL,PURCHASE,B,12 years,$75k-$100k,CURRENT,0,Freedom Mortgage,2024-08-01,2024-08-15,COMPLETE,ORIGINATION_LOS
LN-1380,BW-880,Margaret Taylor,USDA,2022-11-07,2052-11-07,441000,430423,5.52,360,UT,PURCHASE,C,2 years,$50k-$75k,CURRENT,0,PennyMac Loan Services,2024-08-01,2024-08-15,COMPLETE,ORIGINATION_LOS
LN-1381,BW-881,Richard Taylor,VA,2021-11-06,2051-11-06,241000,233715,6.91,360,NJ,PURCHASE,B,10 years,$100k-$150k,CURRENT,0,Nationstar Mortgage,2024-08-01,2024-08-15,COMPLETE,ORIGINATION_LOS
LN-1382,BW-882,Andrew Hill,CONVENTIONAL,2023-07-21,2053-07-21,595000,588163,6.79,360,NC,PURCHASE,C,7 years,$50k-$75k,CURRENT,0,Nationstar Mortgage,2024-08-01,2024-08-15,COMPLETE,ORIGINATION_LOS
LN-1383,BW-883,Thomas Rodriguez,CONVENTIONAL,2022-05-27,2052-05-27,456000,440620,5.09,360,PA,PURCHASE,D,12 years,$75k-$100k,CURRENT,0,Freedom Mortgage,2024-08-01,2024-08-15,COMPLETE,ORIGINATION_LOS
LN-1384,BW-884,Anthony Lewis,FHA,2022-08-09,2052-08-09,160000,155701,5.67,360,WA,PURCHASE,B,5 years,$50k-$75k,CURRENT,0,PennyMac Loan Services,2024-08-01,2024-08-15,COMPLETE,ORIGINATION_LOS
LN-1385,BW-885,Michelle Jackson,CONVENTIONAL,2023-01-17,2053-01-17,377000,368015,4.97,360,NC,PURCHASE,D,8 years,$100k-$150k,CURRENT,0,PennyMac Loan Services,2024-08-01,2024-08-15,COMPLETE,ORIGINATION_LOS
LN-1386,BW-886,Kimberly Thomas,VA,2022-05-22,2052-05-22,421000,410267,6.65,360,CA,PURCHASE,B,9 years,$75k-$100k,CURRENT,0,PennyMac Loan Services,2024-08-01,2024-08-15,COMPLETE,ORIGINATION_LOS
LN-1387,BW-887,Paul Nguyen,VA,2022-11-12,2052-11-12,532000,517348,4.74,360,IL,PURCHASE,B,12 years,$50k-$75k,CURRENT,0,Wells Fargo Servicing,2024-08-01,2024-08-15,COMPLETE,ORIGINATION_LOS
LN-1388,BW-888,Steven Garcia,JUMBO,2021-03-21,2051-03-21,262000,247407,4.77,360,SC,PURCHASE,B,4 years,$150k+,CURRENT,0,PennyMac Loan Services,2024-08-01,2024-08-15,COMPLETE,ORIGINATION_LOS
LN-1389,BW-889,Emily Rodriguez,JUMBO,2022-02-25,2052-02-25,628000,606523,5.65,360,OH,PURCHASE,A,12 years,$100k-$150k,CURRENT,0,Rocket Mortgage Servicing,2024-08-01,2024-08-15,COMPLETE,ORIGINATION_LOS
LN-1390,BW-890,Susan Davis,USDA,2021-07-12,2051-07-12,380000,362979,5.4,360,NJ,PURCHASE,A,3 years,$150k+,CURRENT,0,Nationstar Mortgage,2024-08-01,2024-08-15,COMPLETE,ORIGINATION_LOS
LN-1391,BW-891,Jessica Thompson,CONVENTIONAL,2022-01-26,2052-01-26,171000,165256,5.95,360,MN,PURCHASE,C,2 years,$150k+,CURRENT,0,PennyMac Loan Services,2024-08-01,2024-08-15,COMPLETE,ORIGINATION_LOS
LN-1392,BW-892,Charles Gonzalez,FHA,2021-10-17,2051-10-17,611000,584472,5.05,360,PA,PURCHASE,A,3 years,$75k-$100k,CURRENT,0,Rocket Mortgage Servicing,2024-08-01,2024-08-15,COMPLETE,ORIGINATION_LOS
LN-1393,BW-893,Robert Nguyen,VA,2022-08-14,2052-08-14,484000,468727,4.76,360,IN,PURCHASE,D,10 years,$150k+,CURRENT,0,PennyMac Loan Services,2024-08-01,2024-08-15,COMPLETE,ORIGINATION_LOS
LN-1394,BW-894,Nancy Miller,VA,2021-04-01,2051-04-01,304000,289177,5.4,360,OR,PURCHASE,C,10 years,$50k-$75k,CURRENT,0,Rocket Mortgage Servicing,2024-08-01,2024-08-15,COMPLETE,ORIGINATION_LOS
LN-1395,BW-895,Thomas Johnson,FHA,2023-01-03,2053-01-03,512000,504706,7.74,360,WA,PURCHASE,C,7 years,$50k-$75k,CURRENT,0,Nationstar Mortgage,2024-08-01,2024-08-15,COMPLETE,ORIGINATION_LOS
LN-1396,BW-896,David Flores,JUMBO,2023-07-26,2053-07-26,469000,464067,7.25,360,WI,PURCHASE,C,2 years,$150k+,CURRENT,0,Rocket Mortgage Servicing,2024-08-01,2024-08-15,COMPLETE,ORIGINATION_LOS
LN-1397,BW-897,Kimberly Rodriguez,CONVENTIONAL,2022-08-22,2052-08-22,550000,531971,4.54,360,AL,PURCHASE,D,11 years,$50k-$75k,CURRENT,0,PennyMac Loan Services,2024-08-01,2024-08-15,COMPLETE,ORIGINATION_LOS
LN-1398,BW-898,Donna Allen,USDA,2021-09-12,2051-09-12,397000,377843,4.61,360,CO,PURCHASE,D,7 years,$150k+,CURRENT,0,Chase Home Lending,2024-08-01,2024-08-15,COMPLETE,ORIGINATION_LOS
LN-1399,BW-899,Sandra Clark,VA,2023-11-02,2053-11-02,222000,220538,7.7,360,CA,PURCHASE,C,8 years,$100k-$150k,CURRENT,0,Nationstar Mortgage,2024-08-01,2024-08-15,COMPLETE,ORIGINATION_LOS
LN-1400,BW-900,James Lewis,CONVENTIONAL,2022-11-09,2052-11-09,566000,551829,5.28,360,MD,PURCHASE,B,10 years,$100k-$150k,CURRENT,0,Rocket Mortgage Servicing,2024-08-01,2024-08-15,COMPLETE,ORIGINATION_LOS
LN-1401,BW-901,Donna Jones,JUMBO,2023-01-24,2053-01-24,383000,377565,7.76,360,AZ,PURCHASE,B,5 years,$75k-$100k,CURRENT,0,Chase Home Lending,2024-08-01,2024-08-15,COMPLETE,ORIGINATION_LOS
LN-1402,BW-902,Thomas Martinez,CONVENTIONAL,2021-08-07,2051-08-07,289000,278994,6.69,360,LA,PURCHASE,C,11 years,$75k-$100k,CURRENT,0,Nationstar Mortgage,2024-08-01,2024-08-15,COMPLETE,ORIGINATION_LOS
LN-1403,BW-903,Ashley Anderson,CONVENTIONAL,2022-02-03,2052-02-03,223000,217857,7.8,360,TX,PURCHASE,D,3 years,$50k-$75k,CURRENT,0,Wells Fargo Servicing,2024-08-01,2024-08-15,COMPLETE,ORIGINATION_LOS
LN-1404,BW-904,Betty Johnson,FHA,2021-09-08,2051-09-08,484000,466230,6.19,360,PA,PURCHASE,C,3 years,$50k-$75k,CURRENT,0,Rocket Mortgage Servicing,2024-08-01,2024-08-15,COMPLETE,ORIGINATION_LOS
LN-1405,BW-905,Emily Anderson,VA,2023-05-28,2053-05-28,155000,152775,6.4,360,CT,PURCHASE,C,7 years,$150k+,CURRENT,0,Chase Home Lending,2024-08-01,2024-08-15,COMPLETE,ORIGINATION_LOS
LN-1406,BW-906,Paul Rodriguez,VA,2023-08-10,2053-08-10,631000,624185,6.68,360,WI,PURCHASE,A,11 years,$50k-$75k,CURRENT,0,Rocket Mortgage Servicing,2024-08-01,2024-08-15,COMPLETE,ORIGINATION_LOS
LN-1407,BW-907,Anthony Smith,VA,2021-03-27,2051-03-27,255000,243954,6.24,360,CA,PURCHASE,A,2 years,$150k+,CURRENT,0,Wells Fargo Servicing,2024-08-01,2024-08-15,COMPLETE,ORIGINATION_LOS
LN-1408,BW-908,Richard Flores,FHA,2021-12-18,2051-12-18,224000,216500,6.16,360,TX,PURCHASE,D,12 years,$100k-$150k,CURRENT,0,Nationstar Mortgage,2024-08-01,2024-08-15,COMPLETE,ORIGINATION_LOS
LN-1409,BW-909,Nancy Smith,VA,2022-06-07,2052-06-07,370000,359331,5.75,360,IL,PURCHASE,B,10 years,$100k-$150k,CURRENT,0,Nationstar Mortgage,2024-08-01,2024-08-15,COMPLETE,ORIGINATION_LOS
LN-1410,BW-910,Lisa Hernandez,CONVENTIONAL,2022-10-23,2052-10-23,507000,491771,4.52,360,CA,PURCHASE,C,5 years,$150k+,CURRENT,0,Freedom Mortgage,2024-08-01,2024-08-15,COMPLETE,ORIGINATION_LOS
LN-1411,BW-911,Joseph Robinson,USDA,2021-04-06,2051-04-06,483000,461167,5.84,360,OR,PURCHASE,B,12 years,$150k+,CURRENT,0,Freedom Mortgage,2024-08-01,2024-08-15,COMPLETE,ORIGINATION_LOS
LN-1412,BW-912,Robert White,VA,2023-03-25,2053-03-25,434000,425921,5.7,360,FL,PURCHASE,C,12 years,$50k-$75k,CURRENT,0,PennyMac Loan Services,2024-08-01,2024-08-15,COMPLETE,ORIGINATION_LOS
LN-1413,BW-913,Patricia Wilson,CONVENTIONAL,2021-04-12,2051-04-12,591000,564053,5.79,360,MA,PURCHASE,B,4 years,$50k-$75k,CURRENT,0,Nationstar Mortgage,2024-08-01,2024-08-15,COMPLETE,ORIGINATION_LOS
LN-1414,BW-914,Linda Perez,JUMBO,2022-11-01,2052-11-01,260000,253502,5.29,360,FL,PURCHASE,B,2 years,$150k+,CURRENT,0,PennyMac Loan Services,2024-08-01,2024-08-15,COMPLETE,ORIGINATION_LOS
LN-1415,BW-915,Mark Walker,USDA,2021-09-12,2051-09-12,379000,360864,4.66,360,IN,PURCHASE,B,9 years,$100k-$150k,CURRENT,0,Wells Fargo Servicing,2024-08-01,2024-08-15,COMPLETE,ORIGINATION_LOS
LN-1416,BW-916,Emily Sanchez,FHA,2023-09-04,2053-09-04,334000,330158,5.87,360,AZ,PURCHASE,C,9 years,$75k-$100k,CURRENT,0,Chase Home Lending,2024-08-01,2024-08-15,COMPLETE,ORIGINATION_LOS
LN-1417,BW-917,Richard Lee,USDA,2023-01-24,2053-01-24,517000,509534,7.67,360,CA,PURCHASE,B,5 years,$100k-$150k,CURRENT,0,Chase Home Lending,2024-08-01,2024-08-15,COMPLETE,ORIGINATION_LOS
LN-1418,BW-918,Jennifer Brown,JUMBO,2022-12-09,2052-12-09,233000,228080,5.94,360,WA,PURCHASE,B,12 years,$150k+,CURRENT,0,PennyMac Loan Services,2024-08-01,2024-08-15,COMPLETE,ORIGINATION_LOS
LN-1419,BW-919,Christopher Gonzalez,VA,2022-04-23,2052-04-23,348000,337911,6.16,360,SC,PURCHASE,C,3 years,$75k-$100k,CURRENT,0,Wells Fargo Servicing,2024-08-01,2024-08-15,COMPLETE,ORIGINATION_LOS
LN-1420,BW-920,Elizabeth Hill,JUMBO,2022-01-24,2052-01-24,308000,300566,7.75,360,MA,PURCHASE,D,7 years,$100k-$150k,CURRENT,0,Freedom Mortgage,2024-08-01,2024-08-15,COMPLETE,ORIGINATION_LOS
LN-1421,BW-921,Kimberly King,JUMBO,2021-05-18,2051-05-18,602000,583466,7.82,360,AZ,PURCHASE,C,8 years,$75k-$100k,CURRENT,0,Wells Fargo Servicing,2024-08-01,2024-08-15,COMPLETE,ORIGINATION_LOS
LN-1422,BW-922,Donald Scott,CONVENTIONAL,2023-03-24,2053-03-24,377000,371194,6.72,360,CA,PURCHASE,D,11 years,$75k-$100k,CURRENT,0,Freedom Mortgage,2024-08-01,2024-08-15,COMPLETE,ORIGINATION_LOS
LN-1423,BW-923,Joseph Lopez,CONVENTIONAL,2023-11-26,2053-11-26,226000,223694,5.41,360,MN,PURCHASE,C,5 years,$150k+,CURRENT,0,Wells Fargo Servicing,2024-08-01,2024-08-15,COMPLETE,ORIGINATION_LOS
LN-1424,BW-924,Andrew Scott,FHA,2023-07-03,2053-07-03,169000,166259,4.93,360,TN,PURCHASE,B,6 years,$75k-$100k,CURRENT,0,Chase Home Lending,2024-08-01,2024-08-15,COMPLETE,ORIGINATION_LOS
LN-1425,BW-925,John Torres,USDA,2023-11-07,2053-11-07,569000,563437,5.64,360,AZ,PURCHASE,D,6 years,$150k+,CURRENT,0,Wells Fargo Servicing,2024-08-01,2024-08-15,COMPLETE,ORIGINATION_LOS
LN-1426,BW-926,Linda Young,CONVENTIONAL,2021-10-22,2051-10-22,402000,384873,5.16,360,MI,PURCHASE,D,12 years,$50k-$75k,CURRENT,0,Wells Fargo Servicing,2024-08-01,2024-08-15,COMPLETE,ORIGINATION_LOS
LN-1427,BW-927,Donna Hernandez,USDA,2023-08-22,2053-08-22,278000,273801,4.87,360,MN,PURCHASE,C,4 years,$150k+,CURRENT,0,PennyMac Loan Services,2024-08-01,2024-08-15,COMPLETE,ORIGINATION_LOS
LN-1428,BW-928,Kimberly Martin,USDA,2023-06-20,2053-06-20,555000,547156,6.1,360,TX,PURCHASE,A,10 years,$50k-$75k,CURRENT,0,PennyMac Loan Services,2024-08-01,2024-08-15,COMPLETE,ORIGINATION_LOS
LN-1429,BW-929,Karen Martinez,FHA,2021-11-02,2051-11-02,230000,223047,6.91,360,IL,PURCHASE,A,2 years,$100k-$150k,CURRENT,0,Chase Home Lending,2024-08-01,2024-08-15,COMPLETE,ORIGINATION_LOS
LN-1430,BW-930,Betty Harris,USDA,2023-10-10,2053-10-10,534000,527638,5.15,360,NJ,PURCHASE,D,6 years,$75k-$100k,CURRENT,0,Chase Home Lending,2024-08-01,2024-08-15,COMPLETE,ORIGINATION_LOS
LN-1431,BW-931,Daniel Jones,CONVENTIONAL,2023-03-13,2053-03-13,420000,413866,7,360,IN,PURCHASE,C,6 years,$100k-$150k,CURRENT,0,Rocket Mortgage Servicing,2024-08-01,2024-08-15,COMPLETE,ORIGINATION_LOS
LN-1432,BW-932,William King,VA,2021-03-24,2051-03-24,316000,298776,4.9,360,GA,PURCHASE,B,11 years,$75k-$100k,CURRENT,0,PennyMac Loan Services,2024-08-01,2024-08-15,COMPLETE,ORIGINATION_LOS
LN-1433,BW-933,Linda Moore,VA,2023-11-20,2053-11-20,273000,270974,7.09,360,SC,PURCHASE,A,12 years,$150k+,CURRENT,0,Freedom Mortgage,2024-08-01,2024-08-15,COMPLETE,ORIGINATION_LOS
LN-1434,BW-934,Betty Hernandez,JUMBO,2022-12-15,2052-12-15,420000,412339,6.73,360,MN,PURCHASE,D,7 years,$150k+,CURRENT,0,Rocket Mortgage Servicing,2024-08-01,2024-08-15,COMPLETE,ORIGINATION_LOS
LN-1435,BW-935,Michael Allen,JUMBO,2023-12-08,2053-12-08,506000,501694,5.74,360,IN,PURCHASE,B,12 years,$100k-$150k,CURRENT,0,Nationstar Mortgage,2024-08-01,2024-08-15,COMPLETE,ORIGINATION_LOS
LN-1436,BW-936,Linda Walker,VA,2022-05-11,2052-05-11,294000,284887,5.57,360,MN,PURCHASE,D,8 years,$50k-$75k,CURRENT,0,Freedom Mortgage,2024-08-01,2024-08-15,COMPLETE,ORIGINATION_LOS
LN-1437,BW-937,Michael Scott,FHA,2023-07-19,2053-07-19,311000,306392,5.43,360,OR,PURCHASE,B,4 years,$50k-$75k,CURRENT,0,Wells Fargo Servicing,2024-08-01,2024-08-15,COMPLETE,ORIGINATION_LOS
LN-1438,BW-938,Joseph Harris,USDA,2023-01-02,2053-01-02,360000,354089,7,360,AZ,PURCHASE,A,11 years,$100k-$150k,CURRENT,0,Nationstar Mortgage,2024-08-01,2024-08-15,COMPLETE,ORIGINATION_LOS
LN-1439,BW-939,William Garcia,USDA,2022-08-26,2052-08-26,506000,490553,4.95,360,VA,PURCHASE,A,8 years,$50k-$75k,CURRENT,0,PennyMac Loan Services,2024-08-01,2024-08-15,COMPLETE,ORIGINATION_LOS
LN-1440,BW-940,Mark Brown,CONVENTIONAL,2022-08-07,2052-08-07,532000,521194,7.19,360,NC,PURCHASE,A,6 years,$150k+,CURRENT,0,Chase Home Lending,2024-08-01,2024-08-15,COMPLETE,ORIGINATION_LOS
LN-1441,BW-941,Lisa Wilson,CONVENTIONAL,2023-07-23,2053-07-23,256000,252748,6.26,360,FL,PURCHASE,B,4 years,$150k+,CURRENT,0,Wells Fargo Servicing,2024-08-01,2024-08-15,COMPLETE,ORIGINATION_LOS
LN-1442,BW-942,Thomas Allen,VA,2021-04-03,2051-04-03,597000,565161,4.87,360,MN,PURCHASE,C,5 years,$75k-$100k,CURRENT,0,Wells Fargo Servicing,2024-08-01,2024-08-15,COMPLETE,ORIGINATION_LOS
LN-1443,BW-943,Sarah Jackson,FHA,2023-07-24,2053-07-24,562000,552298,4.58,360,NJ,PURCHASE,A,4 years,$150k+,CURRENT,0,Wells Fargo Servicing,2024-08-01,2024-08-15,COMPLETE,ORIGINATION_LOS
LN-1444,BW-944,Paul Hill,VA,2022-06-10,2052-06-10,552000,533795,4.99,360,OH,PURCHASE,B,9 years,$150k+,CURRENT,0,Nationstar Mortgage,2024-08-01,2024-08-15,COMPLETE,ORIGINATION_LOS
LN-1445,BW-945,Lisa Gonzalez,USDA,2023-10-01,2053-10-01,177000,174757,4.81,360,AZ,PURCHASE,A,3 years,$100k-$150k,CURRENT,0,Rocket Mortgage Servicing,2024-08-01,2024-08-15,COMPLETE,ORIGINATION_LOS
LN-1446,BW-946,Steven Hill,USDA,2023-11-24,2053-11-24,585000,579365,5.72,360,OR,PURCHASE,C,2 years,$75k-$100k,CURRENT,0,Rocket Mortgage Servicing,2024-08-01,2024-08-15,COMPLETE,ORIGINATION_LOS
LN-1447,BW-947,Susan Hernandez,USDA,2023-01-26,2053-01-26,430000,420846,5.6,360,NC,PURCHASE,D,5 years,$100k-$150k,CURRENT,0,Wells Fargo Servicing,2024-08-01,2024-08-15,COMPLETE,ORIGINATION_LOS
LN-1448,BW-948,Anthony Smith,CONVENTIONAL,2022-09-04,2052-09-04,372000,365462,7.71,360,TN,PURCHASE,B,11 years,$75k-$100k,CURRENT,0,Freedom Mortgage,2024-08-01,2024-08-15,COMPLETE,ORIGINATION_LOS
LN-1449,BW-949,Betty Smith,VA,2023-04-28,2053-04-28,180000,177318,6.56,360,CO,PURCHASE,B,12 years,$100k-$150k,CURRENT,0,PennyMac Loan Services,2024-08-01,2024-08-15,COMPLETE,ORIGINATION_LOS
LN-1450,BW-950,Andrew Robinson,JUMBO,2021-05-14,2051-05-14,414000,398588,6.78,360,KY,PURCHASE,C,7 years,$75k-$100k,CURRENT,0,Freedom Mortgage,2024-08-01,2024-08-15,COMPLETE,ORIGINATION_LOS
LN-1451,BW-951,Christopher Sanchez,JUMBO,2023-02-19,2053-02-19,191000,188277,7.44,360,OR,PURCHASE,B,5 years,$50k-$75k,CURRENT,0,Wells Fargo Servicing,2024-08-01,2024-08-15,COMPLETE,ORIGINATION_LOS
LN-1452,BW-952,Margaret Brown,JUMBO,2022-04-09,2052-04-09,210000,202017,4.62,360,OR,PURCHASE,D,7 years,$50k-$75k,CURRENT,0,Chase Home Lending,2024-08-01,2024-08-15,COMPLETE,ORIGINATION_LOS
LN-1453,BW-953,Jennifer Torres,USDA,2021-04-09,2051-04-09,633000,609616,6.98,360,CA,PURCHASE,C,8 years,$100k-$150k,CURRENT,0,Nationstar Mortgage,2024-08-01,2024-08-15,COMPLETE,ORIGINATION_LOS
LN-1454,BW-954,William Robinson,JUMBO,2023-03-20,2053-03-20,206000,202797,6.67,360,UT,PURCHASE,C,9 years,$100k-$150k,CURRENT,0,Wells Fargo Servicing,2024-08-01,2024-08-15,COMPLETE,ORIGINATION_LOS
LN-1455,BW-955,Betty Flores,USDA,2022-04-15,2052-04-15,635000,617789,6.53,360,NV,PURCHASE,C,10 years,$100k-$150k,CURRENT,0,Chase Home Lending,2024-08-01,2024-08-15,COMPLETE,ORIGINATION_LOS
LN-1456,BW-956,Steven White,CONVENTIONAL,2021-11-14,2051-11-14,438000,426670,7.75,360,AZ,PURCHASE,B,12 years,$50k-$75k,CURRENT,0,PennyMac Loan Services,2024-08-01,2024-08-15,COMPLETE,ORIGINATION_LOS
LN-1457,BW-957,James Hernandez,USDA,2023-04-15,2053-04-15,605000,595764,6.43,360,OH,PURCHASE,A,12 years,$100k-$150k,CURRENT,0,PennyMac Loan Services,2024-08-01,2024-08-15,COMPLETE,ORIGINATION_LOS
LN-1458,BW-958,Thomas White,FHA,2023-11-04,2053-11-04,284000,280614,4.55,360,SC,PURCHASE,D,5 years,$100k-$150k,CURRENT,0,Freedom Mortgage,2024-08-01,2024-08-15,COMPLETE,ORIGINATION_LOS
LN-1459,BW-959,Anthony Miller,USDA,2022-07-17,2052-07-17,262000,256227,6.99,360,IN,PURCHASE,C,8 years,$75k-$100k,CURRENT,0,Rocket Mortgage Servicing,2024-08-01,2024-08-15,COMPLETE,ORIGINATION_LOS
LN-1460,BW-960,Thomas Lewis,VA,2022-09-09,2052-09-09,204000,199780,6.85,360,WA,PURCHASE,C,7 years,$50k-$75k,CURRENT,0,Nationstar Mortgage,2024-08-01,2024-08-15,COMPLETE,ORIGINATION_LOS
LN-1461,BW-961,Matthew Martinez,JUMBO,2021-09-02,2051-09-02,234000,223555,5.07,360,OH,PURCHASE,B,4 years,$100k-$150k,CURRENT,0,Wells Fargo Servicing,2024-08-01,2024-08-15,COMPLETE,ORIGINATION_LOS
LN-1462,BW-962,Michelle Clark,JUMBO,2021-02-19,2051-02-19,221000,211287,6.31,360,NY,PURCHASE,D,9 years,$100k-$150k,CURRENT,0,Nationstar Mortgage,2024-08-01,2024-08-15,COMPLETE,ORIGINATION_LOS
LN-1463,BW-963,Joseph Hill,VA,2021-07-23,2051-07-23,453000,438019,7.11,360,AL,PURCHASE,B,7 years,$50k-$75k,CURRENT,0,Chase Home Lending,2024-08-01,2024-08-15,COMPLETE,ORIGINATION_LOS
LN-1464,BW-964,Mary Allen,JUMBO,2022-11-08,2052-11-08,306000,299610,6.28,360,UT,PURCHASE,A,4 years,$75k-$100k,CURRENT,0,Nationstar Mortgage,2024-08-01,2024-08-15,COMPLETE,ORIGINATION_LOS
LN-1465,BW-965,Patricia Anderson,FHA,2022-11-26,2052-11-26,649000,631742,4.94,360,CT,PURCHASE,D,6 years,$50k-$75k,CURRENT,0,PennyMac Loan Services,2024-08-01,2024-08-15,COMPLETE,ORIGINATION_LOS
LN-1466,BW-966,Lisa Taylor,CONVENTIONAL,2023-04-09,2053-04-09,393000,388146,7.54,360,CO,PURCHASE,B,10 years,$150k+,CURRENT,0,Nationstar Mortgage,2024-08-01,2024-08-15,COMPLETE,ORIGINATION_LOS
LN-1467,BW-967,Thomas Jones,FHA,2021-01-10,2051-01-10,325000,310310,6.3,360,GA,PURCHASE,B,3 years,$50k-$75k,CURRENT,0,Chase Home Lending,2024-08-01,2024-08-15,COMPLETE,ORIGINATION_LOS
LN-1468,BW-968,Kimberly Johnson,USDA,2022-10-10,2052-10-10,211000,206766,6.76,360,MO,PURCHASE,D,3 years,$50k-$75k,CURRENT,0,Freedom Mortgage,2024-08-01,2024-08-15,COMPLETE,ORIGINATION_LOS
LN-1469,BW-969,Donald Brown,USDA,2022-09-04,2052-09-04,281000,275995,7.64,360,IL,PURCHASE,C,3 years,$150k+,CURRENT,0,Rocket Mortgage Servicing,2024-08-01,2024-08-15,COMPLETE,ORIGINATION_LOS
LN-1470,BW-970,Michael Smith,CONVENTIONAL,2022-08-16,2052-08-16,433000,421998,5.98,360,UT,PURCHASE,C,5 years,$75k-$100k,CURRENT,0,Nationstar Mortgage,2024-08-01,2024-08-15,COMPLETE,ORIGINATION_LOS
LN-1471,BW-971,James Moore,VA,2022-01-18,2052-01-18,222000,214080,5.61,360,MD,PURCHASE,B,7 years,$75k-$100k,CURRENT,0,Nationstar Mortgage,2024-08-01,2024-08-15,COMPLETE,ORIGINATION_LOS
LN-1472,BW-972,Barbara Ramirez,USDA,2023-07-08,2053-07-08,300000,296426,6.6,360,NC,PURCHASE,B,8 years,$150k+,CURRENT,0,Wells Fargo Servicing,2024-08-01,2024-08-15,COMPLETE,ORIGINATION_LOS
LN-1473,BW-973,Patricia Thomas,VA,2022-04-24,2052-04-24,193000,186659,5.46,360,MN,PURCHASE,B,4 years,$50k-$75k,CURRENT,0,Rocket Mortgage Servicing,2024-08-01,2024-08-15,COMPLETE,ORIGINATION_LOS
LN-1474,BW-974,Linda Thomas,CONVENTIONAL,2022-11-01,2052-11-01,425000,416125,6.28,360,VA,PURCHASE,C,12 years,$50k-$75k,CURRENT,0,Wells Fargo Servicing,2024-08-01,2024-08-15,COMPLETE,ORIGINATION_LOS
LN-1475,BW-975,Susan Hernandez,VA,2021-05-28,2051-05-28,481000,458497,5.48,360,OR,PURCHASE,B,8 years,$150k+,CURRENT,0,Rocket Mortgage Servicing,2024-08-01,2024-08-15,COMPLETE,ORIGINATION_LOS
LN-1476,BW-976,Margaret Torres,USDA,2023-04-14,2053-04-14,354000,349222,7.08,360,MD,PURCHASE,C,12 years,$50k-$75k,CURRENT,0,PennyMac Loan Services,2024-08-01,2024-08-15,COMPLETE,ORIGINATION_LOS
LN-1477,BW-977,Donald Perez,JUMBO,2021-03-10,2051-03-10,181000,173145,6.23,360,OK,PURCHASE,C,12 years,$75k-$100k,CURRENT,0,Nationstar Mortgage,2024-08-01,2024-08-15,COMPLETE,ORIGINATION_LOS
LN-1478,BW-978,Daniel Anderson,CONVENTIONAL,2022-01-01,2052-01-01,583000,566421,6.87,360,IL,PURCHASE,D,9 years,$75k-$100k,CURRENT,0,Chase Home Lending,2024-08-01,2024-08-15,COMPLETE,ORIGINATION_LOS
LN-1479,BW-979,Karen Miller,JUMBO,2021-02-27,2051-02-27,514000,491685,6.38,360,MN,PURCHASE,B,7 years,$75k-$100k,CURRENT,0,Nationstar Mortgage,2024-08-01,2024-08-15,COMPLETE,ORIGINATION_LOS
LN-1480,BW-980,Barbara Robinson,CONVENTIONAL,2021-01-10,2051-01-10,454000,432824,6.12,360,KY,PURCHASE,C,12 years,$150k+,CURRENT,0,PennyMac Loan Services,2024-08-01,2024-08-15,COMPLETE,ORIGINATION_LOS
LN-1481,BW-981,Barbara Williams,JUMBO,2021-02-13,2051-02-13,570000,542338,5.74,360,LA,PURCHASE,A,6 years,$100k-$150k,CURRENT,0,PennyMac Loan Services,2024-08-01,2024-08-15,COMPLETE,ORIGINATION_LOS
LN-1482,BW-982,Elizabeth Martinez,CONVENTIONAL,2021-03-02,2051-03-02,243000,232418,6.21,360,OK,PURCHASE,D,7 years,$100k-$150k,CURRENT,0,PennyMac Loan Services,2024-08-01,2024-08-15,COMPLETE,ORIGINATION_LOS
LN-1483,BW-983,Donald Davis,FHA,2022-10-12,2052-10-12,472000,463166,7.13,360,TX,PURCHASE,A,5 years,$50k-$75k,CURRENT,0,Chase Home Lending,2024-08-01,2024-08-15,COMPLETE,ORIGINATION_LOS
LN-1484,BW-984,Margaret Rodriguez,VA,2022-08-05,2052-08-05,212000,207333,6.76,360,MO,PURCHASE,D,5 years,$100k-$150k,CURRENT,0,PennyMac Loan Services,2024-08-01,2024-08-15,COMPLETE,ORIGINATION_LOS
LN-1485,BW-985,Betty Hill,FHA,2022-07-14,2052-07-14,562000,549289,6.85,360,PA,PURCHASE,C,3 years,$100k-$150k,CURRENT,0,Wells Fargo Servicing,2024-08-01,2024-08-15,COMPLETE,ORIGINATION_LOS
LN-1486,BW-986,Betty Moore,VA,2022-09-23,2052-09-23,506000,494085,6.15,360,NV,PURCHASE,D,11 years,$50k-$75k,CURRENT,0,Wells Fargo Servicing,2024-08-01,2024-08-15,COMPLETE,ORIGINATION_LOS
LN-1487,BW-987,Linda Rodriguez,VA,2021-05-06,2051-05-06,358000,342507,5.93,360,FL,PURCHASE,C,12 years,$75k-$100k,CURRENT,0,Freedom Mortgage,2024-08-01,2024-08-15,COMPLETE,ORIGINATION_LOS
LN-1488,BW-988,Thomas Thompson,FHA,2021-08-06,2051-08-06,441000,427110,7.21,360,CT,PURCHASE,A,3 years,$50k-$75k,CURRENT,0,Rocket Mortgage Servicing,2024-08-01,2024-08-15,COMPLETE,ORIGINATION_LOS
LN-1489,BW-989,Charles Gonzalez,CONVENTIONAL,2021-09-28,2051-09-28,278000,267629,6.1,360,AZ,PURCHASE,D,10 years,$75k-$100k,CURRENT,0,Nationstar Mortgage,2024-08-01,2024-08-15,COMPLETE,ORIGINATION_LOS
LN-1490,BW-990,Christopher Nguyen,USDA,2023-10-08,2053-10-08,358000,355368,7.69,360,OK,PURCHASE,C,6 years,$75k-$100k,CURRENT,0,PennyMac Loan Services,2024-08-01,2024-08-15,COMPLETE,ORIGINATION_LOS
LN-1491,BW-991,Nancy Martin,FHA,2023-07-01,2053-07-01,206000,203583,6.68,360,MO,PURCHASE,C,6 years,$75k-$100k,CURRENT,0,Freedom Mortgage,2024-08-01,2024-08-15,COMPLETE,ORIGINATION_LOS
LN-1492,BW-992,Patricia Johnson,USDA,2023-04-05,2053-04-05,537000,526555,5.11,360,KY,PURCHASE,B,9 years,$50k-$75k,CURRENT,0,PennyMac Loan Services,2024-08-01,2024-08-15,COMPLETE,ORIGINATION_LOS
LN-1493,BW-993,Daniel Moore,JUMBO,2022-09-02,2052-09-02,640000,620617,4.74,360,PA,PURCHASE,C,9 years,$50k-$75k,CURRENT,0,Rocket Mortgage Servicing,2024-08-01,2024-08-15,COMPLETE,ORIGINATION_LOS
LN-1494,BW-994,Thomas Gonzalez,FHA,2021-08-28,2051-08-28,328000,318738,7.8,360,WA,PURCHASE,B,12 years,$100k-$150k,CURRENT,0,Nationstar Mortgage,2024-08-01,2024-08-15,COMPLETE,ORIGINATION_LOS
LN-1495,BW-995,Nancy Allen,VA,2021-08-19,2051-08-19,570000,551036,6.91,360,VA,PURCHASE,A,2 years,$150k+,CURRENT,0,Nationstar Mortgage,2024-08-01,2024-08-15,COMPLETE,ORIGINATION_LOS
LN-1496,BW-996,Michael Brown,VA,2022-01-28,2052-01-28,549000,531960,6.39,360,CA,PURCHASE,D,10 years,$150k+,CURRENT,0,Chase Home Lending,2024-08-01,2024-08-15,COMPLETE,ORIGINATION_LOS
LN-1497,BW-997,Thomas Rodriguez,USDA,2023-05-20,2053-05-20,419000,413042,6.45,360,KY,PURCHASE,A,8 years,$50k-$75k,CURRENT,0,Rocket Mortgage Servicing,2024-08-01,2024-08-15,COMPLETE,ORIGINATION_LOS
LN-1498,BW-998,Mary King,JUMBO,2023-07-04,2053-07-04,563000,554855,5.56,360,MN,PURCHASE,A,8 years,$100k-$150k,CURRENT,0,Rocket Mortgage Servicing,2024-08-01,2024-08-15,COMPLETE,ORIGINATION_LOS
LN-1499,BW-999,Nancy Nguyen,JUMBO,2023-03-06,2053-03-06,499000,492392,7.51,360,MI,PURCHASE,B,6 years,$75k-$100k,CURRENT,0,Chase Home Lending,2024-08-01,2024-08-15,COMPLETE,ORIGINATION_LOS
LN-1500,BW-1000,Linda Thomas,FHA,2023-07-05,2053-07-05,472000,464943,5.38,360,NY,PURCHASE,B,9 years,$100k-$150k,CURRENT,0,Freedom Mortgage,2024-08-01,2024-08-15,COMPLETE,ORIGINATION_LOS
LN-1501,BW-1001,Anthony Johnson,FHA,2023-04-15,2053-04-15,592000,581131,5.43,360,MD,PURCHASE,B,6 years,$100k-$150k,CURRENT,0,Nationstar Mortgage,2024-08-01,2024-08-15,COMPLETE,ORIGINATION_LOS
LN-1502,BW-1002,Thomas Hill,FHA,2023-07-21,2053-07-21,257000,254163,7,360,MO,PURCHASE,A,2 years,$75k-$100k,CURRENT,0,Freedom Mortgage,2024-08-01,2024-08-15,COMPLETE,ORIGINATION_LOS
LN-1503,BW-1003,Joshua Gonzalez,VA,2021-11-13,2051-11-13,186000,179641,6.23,360,PA,PURCHASE,B,7 years,$100k-$150k,CURRENT,0,Chase Home Lending,2024-08-01,2024-08-15,COMPLETE,ORIGINATION_LOS
LN-1504,BW-1004,James Smith,VA,2022-02-15,2052-02-15,207000,200663,6.27,360,UT,PURCHASE,D,7 years,$75k-$100k,CURRENT,0,Rocket Mortgage Servicing,2024-08-01,2024-08-15,COMPLETE,ORIGINATION_LOS
LN-1505,BW-1005,Michelle Robinson,JUMBO,2023-10-21,2053-10-21,605000,598412,5.64,360,UT,PURCHASE,B,2 years,$75k-$100k,CURRENT,0,Rocket Mortgage Servicing,2024-08-01,2024-08-15,COMPLETE,ORIGINATION_LOS
LN-1506,BW-1006,Margaret Hill,JUMBO,2022-10-09,2052-10-09,423000,414512,6.76,360,IN,PURCHASE,D,6 years,$100k-$150k,CURRENT,0,Chase Home Lending,2024-08-01,2024-08-15,COMPLETE,ORIGINATION_LOS
LN-1507,BW-1007,Paul Harris,VA,2022-02-16,2052-02-16,327000,317641,6.64,360,CT,PURCHASE,D,12 years,$150k+,CURRENT,0,Rocket Mortgage Servicing,2024-08-01,2024-08-15,COMPLETE,ORIGINATION_LOS
LN-1508,BW-1008,Charles Thomas,JUMBO,2023-03-22,2053-03-22,427000,417388,4.64,360,KY,PURCHASE,A,11 years,$150k+,CURRENT,0,PennyMac Loan Services,2024-08-01,2024-08-15,COMPLETE,ORIGINATION_LOS
LN-1509,BW-1009,Margaret Thomas,CONVENTIONAL,2022-05-04,2052-05-04,216000,210287,6.45,360,CA,PURCHASE,B,11 years,$50k-$75k,CURRENT,0,PennyMac Loan Services,2024-08-01,2024-08-15,COMPLETE,ORIGINATION_LOS
LN-1510,BW-1010,Emily Hill,USDA,2021-06-22,2051-06-22,304000,288032,4.63,360,NJ,PURCHASE,B,3 years,$75k-$100k,CURRENT,0,Wells Fargo Servicing,2024-08-01,2024-08-15,COMPLETE,ORIGINATION_LOS
LN-1511,BW-1011,Mark Brown,JUMBO,2022-08-18,2052-08-18,489000,475235,5.41,360,IN,PURCHASE,D,11 years,$150k+,CURRENT,0,Nationstar Mortgage,2024-08-01,2024-08-15,COMPLETE,ORIGINATION_LOS
LN-1512,BW-1012,James King,CONVENTIONAL,2022-01-04,2052-01-04,525000,507113,5.87,360,NJ,PURCHASE,C,10 years,$100k-$150k,CURRENT,0,Nationstar Mortgage,2024-08-01,2024-08-15,COMPLETE,ORIGINATION_LOS
LN-1513,BW-1013,Patricia Nguyen,VA,2022-07-10,2052-07-10,526000,510514,5.4,360,MI,PURCHASE,D,10 years,$50k-$75k,CURRENT,0,Nationstar Mortgage,2024-08-01,2024-08-15,COMPLETE,ORIGINATION_LOS
LN-1514,BW-1014,Christopher Taylor,USDA,2023-07-08,2053-07-08,316000,312410,6.85,360,MD,PURCHASE,C,6 years,$100k-$150k,CURRENT,0,Nationstar Mortgage,2024-08-01,2024-08-15,COMPLETE,ORIGINATION_LOS
LN-1515,BW-1015,Barbara Walker,JUMBO,2022-09-11,2052-09-11,180000,175876,6.3,360,PA,PURCHASE,A,7 years,$100k-$150k,CURRENT,0,Freedom Mortgage,2024-08-01,2024-08-15,COMPLETE,ORIGINATION_LOS
LN-1516,BW-1016,Betty Martinez,CONVENTIONAL,2023-03-14,2053-03-14,622000,613472,7.33,360,CT,PURCHASE,B,5 years,$75k-$100k,CURRENT,0,Chase Home Lending,2024-08-01,2024-08-15,COMPLETE,ORIGINATION_LOS
LN-1517,BW-1017,Kimberly Walker,USDA,2021-01-18,2051-01-18,268000,254021,5.47,360,TN,PURCHASE,B,3 years,$100k-$150k,CURRENT,0,PennyMac Loan Services,2024-08-01,2024-08-15,COMPLETE,ORIGINATION_LOS
LN-1518,BW-1018,Kimberly Torres,VA,2022-12-01,2052-12-01,238000,232596,5.54,360,VA,PURCHASE,A,9 years,$150k+,CURRENT,0,Nationstar Mortgage,2024-08-01,2024-08-15,COMPLETE,ORIGINATION_LOS
LN-1519,BW-1019,Lisa Garcia,CONVENTIONAL,2021-10-04,2051-10-04,389000,378753,7.83,360,CA,PURCHASE,A,2 years,$100k-$150k,CURRENT,0,PennyMac Loan Services,2024-08-01,2024-08-15,COMPLETE,ORIGINATION_LOS
LN-1520,BW-1020,Jessica Jackson,JUMBO,2023-12-15,2053-12-15,422000,417528,4.54,360,TX,PURCHASE,B,4 years,$50k-$75k,CURRENT,0,Nationstar Mortgage,2024-08-01,2024-08-15,COMPLETE,ORIGINATION_LOS
LN-1521,BW-1021,Steven Anderson,USDA,2021-03-20,2051-03-20,402000,387954,7.44,360,TX,PURCHASE,C,7 years,$75k-$100k,CURRENT,0,Chase Home Lending,2024-08-01,2024-08-15,COMPLETE,ORIGINATION_LOS
LN-1522,BW-1022,Sarah Wilson,USDA,2023-08-26,2053-08-26,321000,317559,6.72,360,UT,PURCHASE,A,5 years,$100k-$150k,CURRENT,0,Nationstar Mortgage,2024-08-01,2024-08-15,COMPLETE,ORIGINATION_LOS
LN-1523,BW-1023,Richard Walker,USDA,2022-08-15,2052-08-15,475000,463510,6.25,360,IL,PURCHASE,A,8 years,$100k-$150k,CURRENT,0,Wells Fargo Servicing,2024-08-01,2024-08-15,COMPLETE,ORIGINATION_LOS
LN-1524,BW-1024,Richard Ramirez,FHA,2023-11-02,2053-11-02,296000,293993,7.55,360,CO,PURCHASE,B,12 years,$100k-$150k,CURRENT,0,Nationstar Mortgage,2024-08-01,2024-08-15,COMPLETE,ORIGINATION_LOS
LN-1525,BW-1025,Jessica Allen,JUMBO,2022-04-19,2052-04-19,230000,222733,5.68,360,TN,PURCHASE,D,9 years,$100k-$150k,CURRENT,0,Nationstar Mortgage,2024-08-01,2024-08-15,COMPLETE,ORIGINATION_LOS
LN-1526,BW-1026,Jessica Johnson,FHA,2023-09-05,2053-09-05,478000,471561,5.01,360,IL,PURCHASE,D,11 years,$150k+,CURRENT,0,PennyMac Loan Services,2024-08-01,2024-08-15,COMPLETE,ORIGINATION_LOS
LN-1527,BW-1027,Mark Johnson,VA,2022-08-17,2052-08-17,200000,195319,6.43,360,MA,PURCHASE,C,10 years,$150k+,CURRENT,0,PennyMac Loan Services,2024-08-01,2024-08-15,COMPLETE,ORIGINATION_LOS
LN-1528,BW-1028,Matthew Lopez,USDA,2021-10-07,2051-10-07,187000,180931,6.7,360,GA,PURCHASE,B,6 years,$75k-$100k,CURRENT,0,Wells Fargo Servicing,2024-08-01,2024-08-15,COMPLETE,ORIGINATION_LOS
LN-1529,BW-1029,Steven Walker,FHA,2022-07-17,2052-07-17,244000,237958,6.36,360,OR,PURCHASE,A,2 years,$100k-$150k,CURRENT,0,Freedom Mortgage,2024-08-01,2024-08-15,COMPLETE,ORIGINATION_LOS
LN-1530,BW-1030,Paul Moore,JUMBO,2022-05-02,2052-05-02,253000,246633,6.72,360,GA,PURCHASE,B,12 years,$150k+,CURRENT,0,Chase Home Lending,2024-08-01,2024-08-15,COMPLETE,ORIGINATION_LOS
LN-1531,BW-1031,Barbara Johnson,JUMBO,2023-02-23,2053-02-23,365000,359806,7.45,360,NY,PURCHASE,A,6 years,$100k-$150k,CURRENT,0,Wells Fargo Servicing,2024-08-01,2024-08-15,COMPLETE,ORIGINATION_LOS
LN-1532,BW-1032,David Taylor,FHA,2021-09-04,2051-09-04,217000,209963,6.88,360,IL,PURCHASE,A,6 years,$100k-$150k,CURRENT,0,Nationstar Mortgage,2024-08-01,2024-08-15,COMPLETE,ORIGINATION_LOS
LN-1533,BW-1033,David Moore,JUMBO,2021-09-18,2051-09-18,522000,500325,5.49,360,MD,PURCHASE,D,8 years,$150k+,CURRENT,0,PennyMac Loan Services,2024-08-01,2024-08-15,COMPLETE,ORIGINATION_LOS
LN-1534,BW-1034,Paul Wilson,CONVENTIONAL,2021-10-23,2051-10-23,235000,227659,6.91,360,CA,PURCHASE,A,4 years,$150k+,CURRENT,0,Wells Fargo Servicing,2024-08-01,2024-08-15,COMPLETE,ORIGINATION_LOS
LN-1535,BW-1035,Joseph Moore,VA,2021-07-20,2051-07-20,262000,254271,7.73,360,MN,PURCHASE,A,8 years,$100k-$150k,CURRENT,0,Nationstar Mortgage,2024-08-01,2024-08-15,COMPLETE,ORIGINATION_LOS
LN-1536,BW-1036,Anthony Jones,CONVENTIONAL,2021-06-04,2051-06-04,569000,540048,4.82,360,MA,PURCHASE,D,4 years,$150k+,CURRENT,0,Wells Fargo Servicing,2024-08-01,2024-08-15,COMPLETE,ORIGINATION_LOS
LN-1537,BW-1037,David Flores,VA,2022-08-15,2052-08-15,619000,604935,6.59,360,TX,PURCHASE,D,6 years,$50k-$75k,CURRENT,0,PennyMac Loan Services,2024-08-01,2024-08-15,COMPLETE,ORIGINATION_LOS
LN-1538,BW-1038,Ashley Hernandez,USDA,2022-01-15,2052-01-15,367000,355995,6.58,360,WI,PURCHASE,A,7 years,$100k-$150k,CURRENT,0,Chase Home Lending,2024-08-01,2024-08-15,COMPLETE,ORIGINATION_LOS
LN-1539,BW-1039,John Clark,CONVENTIONAL,2021-10-27,2051-10-27,608000,585748,6.03,360,AZ,PURCHASE,D,7 years,$75k-$100k,CURRENT,0,Freedom Mortgage,2024-08-01,2024-08-15,COMPLETE,ORIGINATION_LOS
LN-1540,BW-1040,Joshua Robinson,CONVENTIONAL,2021-12-13,2051-12-13,430000,415421,6.09,360,MD,PURCHASE,D,7 years,$150k+,CURRENT,0,Chase Home Lending,2024-08-01,2024-08-15,COMPLETE,ORIGINATION_LOS
LN-1541,BW-1041,Steven Clark,FHA,2023-08-09,2053-08-09,299000,295838,6.79,360,SC,PURCHASE,A,6 years,$150k+,CURRENT,0,Freedom Mortgage,2024-08-01,2024-08-15,COMPLETE,ORIGINATION_LOS
LN-1542,BW-1042,Matthew Gonzalez,CONVENTIONAL,2021-04-11,2051-04-11,546000,525830,6.98,360,OR,PURCHASE,D,6 years,$150k+,CURRENT,0,Rocket Mortgage Servicing,2024-08-01,2024-08-15,COMPLETE,ORIGINATION_LOS
LN-1543,BW-1043,Robert Clark,CONVENTIONAL,2023-09-08,2053-09-08,273000,269877,5.9,360,MA,PURCHASE,D,2 years,$150k+,CURRENT,0,Nationstar Mortgage,2024-08-01,2024-08-15,COMPLETE,ORIGINATION_LOS
LN-1544,BW-1044,Joshua Walker,FHA,2023-07-13,2053-07-13,285000,281171,5.96,360,FL,PURCHASE,B,6 years,$75k-$100k,CURRENT,0,Rocket Mortgage Servicing,2024-08-01,2024-08-15,COMPLETE,ORIGINATION_LOS
LN-1545,BW-1045,Andrew Lee,FHA,2022-05-18,2052-05-18,162000,157376,6.03,360,FL,PURCHASE,C,12 years,$75k-$100k,CURRENT,0,Chase Home Lending,2024-08-01,2024-08-15,COMPLETE,ORIGINATION_LOS
LN-1546,BW-1046,Paul Garcia,CONVENTIONAL,2022-04-02,2052-04-02,254000,246031,5.72,360,NC,PURCHASE,A,4 years,$150k+,CURRENT,0,Wells Fargo Servicing,2024-08-01,2024-08-15,COMPLETE,ORIGINATION_LOS
LN-1547,BW-1047,Joshua Martin,USDA,2022-06-14,2052-06-14,605000,589802,6.51,360,CO,PURCHASE,B,5 years,$150k+,CURRENT,0,PennyMac Loan Services,2024-08-01,2024-08-15,COMPLETE,ORIGINATION_LOS
LN-1548,BW-1048,Barbara Lewis,CONVENTIONAL,2021-09-12,2051-09-12,232000,224199,6.68,360,MA,PURCHASE,D,7 years,$50k-$75k,CURRENT,0,Wells Fargo Servicing,2024-08-01,2024-08-15,COMPLETE,ORIGINATION_LOS
LN-1549,BW-1049,Donald Hernandez,CONVENTIONAL,2023-07-27,2053-07-27,638000,628565,5.44,360,FL,PURCHASE,B,2 years,$50k-$75k,CURRENT,0,PennyMac Loan Services,2024-08-01,2024-08-15,COMPLETE,ORIGINATION_LOS
LN-1550,BW-1050,Kimberly Flores,VA,2023-12-13,2053-12-13,432000,427694,4.88,360,OR,PURCHASE,A,7 years,$150k+,CURRENT,0,Chase Home Lending,2024-08-01,2024-08-15,COMPLETE,ORIGINATION_LOS
LN-1551,BW-1051,Ashley Sanchez,JUMBO,2022-10-10,2052-10-10,441000,433682,7.76,360,SC,PURCHASE,A,12 years,$75k-$100k,CURRENT,0,Chase Home Lending,2024-08-01,2024-08-15,COMPLETE,ORIGINATION_LOS
LN-1552,BW-1052,Kimberly Clark,FHA,2022-08-21,2052-08-21,476000,466240,7.14,360,NJ,PURCHASE,A,10 years,$75k-$100k,CURRENT,0,Rocket Mortgage Servicing,2024-08-01,2024-08-15,COMPLETE,ORIGINATION_LOS
LN-1553,BW-1053,Lisa Clark,CONVENTIONAL,2023-06-21,2053-06-21,480000,474009,6.76,360,AL,PURCHASE,D,2 years,$100k-$150k,CURRENT,0,Wells Fargo Servicing,2024-08-01,2024-08-15,COMPLETE,ORIGINATION_LOS
LN-1554,BW-1054,Michael Johnson,USDA,2021-09-03,2051-09-03,489000,474072,7.21,360,MA,PURCHASE,C,3 years,$100k-$150k,CURRENT,0,Freedom Mortgage,2024-08-01,2024-08-15,COMPLETE,ORIGINATION_LOS
LN-1555,BW-1055,Christopher Torres,JUMBO,2021-08-13,2051-08-13,564000,540435,5.63,360,AL,PURCHASE,C,9 years,$75k-$100k,CURRENT,0,Rocket Mortgage Servicing,2024-08-01,2024-08-15,COMPLETE,ORIGINATION_LOS
LN-1556,BW-1056,Charles Brown,USDA,2023-08-05,2053-08-05,625000,619328,7.58,360,CT,PURCHASE,C,6 years,$150k+,CURRENT,0,Chase Home Lending,2024-08-01,2024-08-15,COMPLETE,ORIGINATION_LOS
LN-1557,BW-1057,Steven Wright,CONVENTIONAL,2021-12-16,2051-12-16,169000,163735,6.56,360,GA,PURCHASE,D,5 years,$50k-$75k,CURRENT,0,Nationstar Mortgage,2024-08-01,2024-08-15,COMPLETE,ORIGINATION_LOS
LN-1558,BW-1058,Mark Anderson,FHA,2021-01-15,2051-01-15,612000,585527,6.55,360,NV,PURCHASE,D,4 years,$75k-$100k,CURRENT,0,Freedom Mortgage,2024-08-01,2024-08-15,COMPLETE,ORIGINATION_LOS
LN-1559,BW-1059,Patricia Gonzalez,CONVENTIONAL,2023-05-04,2053-05-04,408000,403019,7.25,360,AZ,PURCHASE,B,9 years,$100k-$150k,CURRENT,0,Nationstar Mortgage,2024-08-01,2024-08-15,COMPLETE,ORIGINATION_LOS
LN-1560,BW-1060,Elizabeth Ramirez,USDA,2022-04-02,2052-04-02,341000,332318,6.87,360,FL,PURCHASE,A,5 years,$75k-$100k,CURRENT,0,Wells Fargo Servicing,2024-08-01,2024-08-15,COMPLETE,ORIGINATION_LOS
LN-1561,BW-1061,Susan White,JUMBO,2022-12-17,2052-12-17,422000,413073,5.93,360,GA,PURCHASE,B,7 years,$50k-$75k,CURRENT,0,Nationstar Mortgage,2024-08-01,2024-08-15,COMPLETE,ORIGINATION_LOS
LN-1562,BW-1062,James Hernandez,VA,2023-12-20,2053-12-20,455000,450634,5.09,360,FL,PURCHASE,D,12 years,$75k-$100k,CURRENT,0,PennyMac Loan Services,2024-08-01,2024-08-15,COMPLETE,ORIGINATION_LOS
LN-1563,BW-1063,Donna Anderson,CONVENTIONAL,2021-02-06,2051-02-06,499000,475606,5.94,360,PA,PURCHASE,D,9 years,$150k+,CURRENT,0,Freedom Mortgage,2024-08-01,2024-08-15,COMPLETE,ORIGINATION_LOS
LN-1564,BW-1064,Joshua Davis,FHA,2021-05-22,2051-05-22,376000,356093,4.75,360,GA,PURCHASE,A,10 years,$50k-$75k,CURRENT,0,Chase Home Lending,2024-08-01,2024-08-15,COMPLETE,ORIGINATION_LOS
LN-1565,BW-1065,Donald Perez,JUMBO,2023-04-25,2053-04-25,336000,331262,6.85,360,IN,PURCHASE,A,9 years,$75k-$100k,CURRENT,0,PennyMac Loan Services,2024-08-01,2024-08-15,COMPLETE,ORIGINATION_LOS
LN-1566,BW-1066,Emily Clark,VA,2022-05-18,2052-05-18,469000,452622,4.89,360,MO,PURCHASE,C,7 years,$50k-$75k,CURRENT,0,Wells Fargo Servicing,2024-08-01,2024-08-15,COMPLETE,ORIGINATION_LOS
LN-1567,BW-1067,Patricia Anderson,JUMBO,2022-06-26,2052-06-26,233000,225593,5.2,360,WI,PURCHASE,C,4 years,$75k-$100k,CURRENT,0,Chase Home Lending,2024-08-01,2024-08-15,COMPLETE,ORIGINATION_LOS
LN-1568,BW-1068,Patricia Gonzalez,CONVENTIONAL,2023-02-23,2053-02-23,534000,526969,7.85,360,PA,PURCHASE,B,9 years,$150k+,CURRENT,0,Chase Home Lending,2024-08-01,2024-08-15,COMPLETE,ORIGINATION_LOS
LN-1569,BW-1069,Jessica Jones,VA,2022-02-25,2052-02-25,595000,575431,5.87,360,OH,PURCHASE,C,12 years,$75k-$100k,CURRENT,0,Freedom Mortgage,2024-08-01,2024-08-15,COMPLETE,ORIGINATION_LOS
LN-1570,BW-1070,Anthony Thomas,CONVENTIONAL,2022-05-23,2052-05-23,468000,454951,6.16,360,OK,PURCHASE,D,10 years,$75k-$100k,CURRENT,0,Chase Home Lending,2024-08-01,2024-08-15,COMPLETE,ORIGINATION_LOS
LN-1571,BW-1071,Robert Brown,FHA,2022-10-22,2052-10-22,326000,317656,5.43,360,WA,PURCHASE,B,11 years,$50k-$75k,CURRENT,0,Wells Fargo Servicing,2024-08-01,2024-08-15,COMPLETE,ORIGINATION_LOS
LN-1572,BW-1072,Betty White,CONVENTIONAL,2023-09-06,2053-09-06,423000,417884,5.6,360,OH,PURCHASE,C,12 years,$75k-$100k,CURRENT,0,PennyMac Loan Services,2024-08-01,2024-08-15,COMPLETE,ORIGINATION_LOS
LN-1573,BW-1073,Thomas Ramirez,JUMBO,2022-05-12,2052-05-12,578000,558809,5.18,360,CO,PURCHASE,C,8 years,$75k-$100k,CURRENT,0,Rocket Mortgage Servicing,2024-08-01,2024-08-15,COMPLETE,ORIGINATION_LOS
LN-1574,BW-1074,John Jackson,USDA,2022-03-05,2052-03-05,299000,289087,5.62,360,NJ,PURCHASE,D,7 years,$50k-$75k,CURRENT,0,Rocket Mortgage Servicing,2024-08-01,2024-08-15,COMPLETE,ORIGINATION_LOS
LN-1575,BW-1075,Jessica Walker,CONVENTIONAL,2023-05-23,2053-05-23,406000,400956,7.16,360,MA,PURCHASE,C,4 years,$100k-$150k,CURRENT,0,Rocket Mortgage Servicing,2024-08-01,2024-08-15,COMPLETE,ORIGINATION_LOS
LN-1576,BW-1076,Matthew Lee,FHA,2021-05-06,2051-05-06,544000,526556,7.6,360,NC,PURCHASE,D,12 years,$50k-$75k,CURRENT,0,Freedom Mortgage,2024-08-01,2024-08-15,COMPLETE,ORIGINATION_LOS
LN-1577,BW-1077,Jessica Miller,CONVENTIONAL,2022-02-27,2052-02-27,502000,485868,6,360,NY,PURCHASE,D,12 years,$50k-$75k,CURRENT,0,PennyMac Loan Services,2024-08-01,2024-08-15,COMPLETE,ORIGINATION_LOS
LN-1578,BW-1078,Joseph Garcia,JUMBO,2021-08-15,2051-08-15,599000,571532,5.09,360,CT,PURCHASE,D,10 years,$150k+,CURRENT,0,PennyMac Loan Services,2024-08-01,2024-08-15,COMPLETE,ORIGINATION_LOS
LN-1579,BW-1079,Michael Perez,FHA,2023-09-16,2053-09-16,548000,541881,6.03,360,PA,PURCHASE,A,7 years,$150k+,CURRENT,0,Chase Home Lending,2024-08-01,2024-08-15,COMPLETE,ORIGINATION_LOS
LN-1580,BW-1080,Joshua Lopez,JUMBO,2023-10-02,2053-10-02,294000,290858,5.74,360,FL,PURCHASE,D,4 years,$50k-$75k,CURRENT,0,PennyMac Loan Services,2024-08-01,2024-08-15,COMPLETE,ORIGINATION_LOS
LN-1581,BW-1081,Sandra Jackson,CONVENTIONAL,2021-01-04,2051-01-04,467000,440985,5.08,360,TN,PURCHASE,D,7 years,$100k-$150k,CURRENT,0,Wells Fargo Servicing,2024-08-01,2024-08-15,COMPLETE,ORIGINATION_LOS
LN-1582,BW-1082,Elizabeth Garcia,VA,2022-02-06,2052-02-06,311000,299866,5.39,360,MD,PURCHASE,C,10 years,$50k-$75k,CURRENT,0,Wells Fargo Servicing,2024-08-01,2024-08-15,COMPLETE,ORIGINATION_LOS
LN-1583,BW-1083,John Johnson,USDA,2021-02-10,2051-02-10,176000,169470,7.26,360,IL,PURCHASE,C,9 years,$50k-$75k,CURRENT,0,Rocket Mortgage Servicing,2024-08-01,2024-08-15,COMPLETE,ORIGINATION_LOS
LN-1584,BW-1084,Joseph Scott,JUMBO,2022-03-25,2052-03-25,395000,382495,5.88,360,CA,PURCHASE,A,6 years,$150k+,CURRENT,0,Rocket Mortgage Servicing,2024-08-01,2024-08-15,COMPLETE,ORIGINATION_LOS
LN-1585,BW-1085,Andrew Moore,VA,2021-02-23,2051-02-23,520000,493254,5.4,360,VA,PURCHASE,D,12 years,$100k-$150k,CURRENT,0,Nationstar Mortgage,2024-08-01,2024-08-15,COMPLETE,ORIGINATION_LOS
LN-1586,BW-1086,Elizabeth Nguyen,FHA,2021-11-06,2051-11-06,599000,582489,7.41,360,PA,PURCHASE,C,5 years,$75k-$100k,CURRENT,0,PennyMac Loan Services,2024-08-01,2024-08-15,COMPLETE,ORIGINATION_LOS
LN-1587,BW-1087,John Clark,USDA,2022-08-07,2052-08-07,289000,281932,6.19,360,LA,PURCHASE,C,7 years,$50k-$75k,CURRENT,0,PennyMac Loan Services,2024-08-01,2024-08-15,COMPLETE,ORIGINATION_LOS
LN-1588,BW-1088,Jennifer Torres,VA,2023-11-03,2053-11-03,295000,292283,5.96,360,FL,PURCHASE,C,8 years,$100k-$150k,CURRENT,0,Rocket Mortgage Servicing,2024-08-01,2024-08-15,COMPLETE,ORIGINATION_LOS
LN-1589,BW-1089,Ashley Harris,VA,2022-02-18,2052-02-18,577000,559400,6.29,360,NC,PURCHASE,D,2 years,$50k-$75k,CURRENT,0,Nationstar Mortgage,2024-08-01,2024-08-15,COMPLETE,ORIGINATION_LOS
LN-1590,BW-1090,Donna Perez,USDA,2021-11-02,2051-11-02,296000,287704,7.32,360,CO,PURCHASE,C,7 years,$100k-$150k,CURRENT,0,Chase Home Lending,2024-08-01,2024-08-15,COMPLETE,ORIGINATION_LOS
LN-1591,BW-1091,Mary King,VA,2021-10-05,2051-10-05,453000,440658,7.65,360,NY,PURCHASE,C,8 years,$150k+,CURRENT,0,Rocket Mortgage Servicing,2024-08-01,2024-08-15,COMPLETE,ORIGINATION_LOS
LN-1592,BW-1092,Donna Smith,VA,2023-03-25,2053-03-25,226000,222241,6.31,360,MI,PURCHASE,B,3 years,$50k-$75k,CURRENT,0,Wells Fargo Servicing,2024-08-01,2024-08-15,COMPLETE,ORIGINATION_LOS
LN-1593,BW-1093,Robert Harris,FHA,2021-08-03,2051-08-03,614000,594767,7.24,360,MI,PURCHASE,C,2 years,$75k-$100k,CURRENT,0,Wells Fargo Servicing,2024-08-01,2024-08-15,COMPLETE,ORIGINATION_LOS
LN-1594,BW-1094,Matthew Johnson,FHA,2021-02-24,2051-02-24,201000,192056,6.24,360,VA,PURCHASE,A,6 years,$150k+,CURRENT,0,Chase Home Lending,2024-08-01,2024-08-15,COMPLETE,ORIGINATION_LOS
LN-1595,BW-1095,Charles Gonzalez,JUMBO,2021-01-06,2051-01-06,411000,390423,5.71,360,UT,PURCHASE,D,4 years,$50k-$75k,CURRENT,0,Rocket Mortgage Servicing,2024-08-01,2024-08-15,COMPLETE,ORIGINATION_LOS
LN-1596,BW-1096,Matthew Lopez,CONVENTIONAL,2023-09-07,2053-09-07,531000,524276,5.35,360,IL,PURCHASE,C,2 years,$150k+,CURRENT,0,Chase Home Lending,2024-08-01,2024-08-15,COMPLETE,ORIGINATION_LOS
LN-1597,BW-1097,Lisa Young,FHA,2021-02-04,2051-02-04,502000,480435,6.44,360,TX,PURCHASE,B,10 years,$75k-$100k,CURRENT,0,Chase Home Lending,2024-08-01,2024-08-15,COMPLETE,ORIGINATION_LOS
LN-1598,BW-1098,Patricia Thomas,USDA,2022-02-01,2052-02-01,295000,285418,5.94,360,KY,PURCHASE,A,11 years,$75k-$100k,CURRENT,0,Freedom Mortgage,2024-08-01,2024-08-15,COMPLETE,ORIGINATION_LOS
LN-1599,BW-1099,John Miller,CONVENTIONAL,2021-08-11,2051-08-11,283000,269067,4.67,360,SC,PURCHASE,B,3 years,$50k-$75k,CURRENT,0,Wells Fargo Servicing,2024-08-01,2024-08-15,COMPLETE,ORIGINATION_LOS
LN-1600,BW-1100,John Williams,CONVENTIONAL,2021-09-19,2051-09-19,537000,510649,4.51,360,LA,PURCHASE,C,5 years,$50k-$75k,CURRENT,0,PennyMac Loan Services,2024-08-01,2024-08-15,COMPLETE,ORIGINATION_LOS
LN-1601,BW-1101,Kimberly Walker,USDA,2022-02-28,2052-02-28,255000,248257,7.07,360,NV,PURCHASE,D,9 years,$75k-$100k,CURRENT,0,Freedom Mortgage,2024-08-01,2024-08-15,COMPLETE,ORIGINATION_LOS
LN-1602,BW-1102,Michelle Lewis,USDA,2023-12-13,2053-12-13,156000,154801,6.28,360,TX,PURCHASE,C,4 years,$50k-$75k,CURRENT,0,Freedom Mortgage,2024-08-01,2024-08-15,COMPLETE,ORIGINATION_LOS
LN-1603,BW-1103,Mark Lewis,FHA,2023-05-10,2053-05-10,475000,469122,7.18,360,MD,PURCHASE,D,10 years,$75k-$100k,CURRENT,0,PennyMac Loan Services,2024-08-01,2024-08-15,COMPLETE,ORIGINATION_LOS
LN-1604,BW-1104,Jessica Robinson,USDA,2021-08-25,2051-08-25,513000,495461,6.76,360,MN,PURCHASE,A,8 years,$75k-$100k,CURRENT,0,Rocket Mortgage Servicing,2024-08-01,2024-08-15,COMPLETE,ORIGINATION_LOS
LN-1605,BW-1105,Margaret Martin,CONVENTIONAL,2023-08-14,2053-08-14,398000,393593,6.55,360,NJ,PURCHASE,B,2 years,$150k+,CURRENT,0,PennyMac Loan Services,2024-08-01,2024-08-15,COMPLETE,ORIGINATION_LOS
LN-1606,BW-1106,William Sanchez,USDA,2022-07-12,2052-07-12,388000,378993,6.71,360,MN,PURCHASE,A,3 years,$100k-$150k,CURRENT,0,Rocket Mortgage Servicing,2024-08-01,2024-08-15,COMPLETE,ORIGINATION_LOS
LN-1607,BW-1107,Ashley Nguyen,JUMBO,2021-12-28,2051-12-28,500000,478107,4.62,360,AL,PURCHASE,D,2 years,$50k-$75k,CURRENT,0,Nationstar Mortgage,2024-08-01,2024-08-15,COMPLETE,ORIGINATION_LOS
LN-1608,BW-1108,Richard Young,FHA,2022-05-20,2052-05-20,648000,633850,7.48,360,CA,PURCHASE,D,2 years,$50k-$75k,CURRENT,0,Nationstar Mortgage,2024-08-01,2024-08-15,COMPLETE,ORIGINATION_LOS
LN-1609,BW-1109,Margaret Miller,FHA,2023-06-12,2053-06-12,324000,320438,7.42,360,MD,PURCHASE,B,11 years,$50k-$75k,CURRENT,0,Chase Home Lending,2024-08-01,2024-08-15,COMPLETE,ORIGINATION_LOS
LN-1610,BW-1110,Linda Taylor,USDA,2022-01-15,2052-01-15,573000,556525,6.81,360,IN,PURCHASE,A,7 years,$150k+,CURRENT,0,Rocket Mortgage Servicing,2024-08-01,2024-08-15,COMPLETE,ORIGINATION_LOS
LN-1611,BW-1111,Emily Perez,VA,2023-12-06,2053-12-06,535000,530060,5.3,360,FL,PURCHASE,A,9 years,$100k-$150k,CURRENT,0,Freedom Mortgage,2024-08-01,2024-08-15,COMPLETE,ORIGINATION_LOS
LN-1612,BW-1112,Andrew Robinson,VA,2021-05-09,2051-05-09,234000,222319,5.1,360,MN,PURCHASE,D,12 years,$50k-$75k,CURRENT,0,PennyMac Loan Services,2024-08-01,2024-08-15,COMPLETE,ORIGINATION_LOS
LN-1613,BW-1113,Christopher Robinson,JUMBO,2023-03-28,2053-03-28,516000,505370,5.14,360,MA,PURCHASE,C,10 years,$150k+,CURRENT,0,Freedom Mortgage,2024-08-01,2024-08-15,COMPLETE,ORIGINATION_LOS
LN-1614,BW-1114,James Lee,CONVENTIONAL,2021-03-17,2051-03-17,375000,355566,5.2,360,OR,PURCHASE,A,5 years,$50k-$75k,CURRENT,0,Rocket Mortgage Servicing,2024-08-01,2024-08-15,COMPLETE,ORIGINATION_LOS
LN-1615,BW-1115,Charles Lopez,VA,2023-08-02,2053-08-02,258000,255203,6.66,360,AL,PURCHASE,D,8 years,$100k-$150k,CURRENT,0,Rocket Mortgage Servicing,2024-08-01,2024-08-15,COMPLETE,ORIGINATION_LOS
LN-1616,BW-1116,Lisa Miller,CONVENTIONAL,2022-05-27,2052-05-27,454000,442232,6.56,360,GA,PURCHASE,A,12 years,$150k+,CURRENT,0,PennyMac Loan Services,2024-08-01,2024-08-15,COMPLETE,ORIGINATION_LOS
LN-1617,BW-1117,Karen Walker,CONVENTIONAL,2022-05-26,2052-05-26,600000,583511,6.24,360,NY,PURCHASE,A,8 years,$75k-$100k,CURRENT,0,Chase Home Lending,2024-08-01,2024-08-15,COMPLETE,ORIGINATION_LOS
LN-1618,BW-1118,Jennifer Martin,JUMBO,2021-01-04,2051-01-04,324000,306841,5.38,360,CO,PURCHASE,D,9 years,$100k-$150k,CURRENT,0,Wells Fargo Servicing,2024-08-01,2024-08-15,COMPLETE,ORIGINATION_LOS
LN-1619,BW-1119,Andrew Miller,CONVENTIONAL,2021-04-08,2051-04-08,215000,205009,5.68,360,WA,PURCHASE,C,5 years,$50k-$75k,CURRENT,0,Nationstar Mortgage,2024-08-01,2024-08-15,COMPLETE,ORIGINATION_LOS
LN-1620,BW-1120,Charles Torres,CONVENTIONAL,2023-03-27,2053-03-27,500000,492739,7.03,360,OR,PURCHASE,A,2 years,$50k-$75k,CURRENT,0,Chase Home Lending,2024-08-01,2024-08-15,COMPLETE,ORIGINATION_LOS
LN-1621,BW-1121,James Jones,VA,2022-04-03,2052-04-03,332000,320076,4.95,360,NC,PURCHASE,C,11 years,$150k+,CURRENT,0,PennyMac Loan Services,2024-08-01,2024-08-15,COMPLETE,ORIGINATION_LOS
LN-1622,BW-1122,Richard Wright,CONVENTIONAL,2021-08-23,2051-08-23,541000,520259,6.12,360,MI,PURCHASE,D,3 years,$50k-$75k,CURRENT,0,Rocket Mortgage Servicing,2024-08-01,2024-08-15,COMPLETE,ORIGINATION_LOS
LN-1623,BW-1123,Joseph Sanchez,FHA,2023-07-14,2053-07-14,626000,619969,7.7,360,MN,PURCHASE,A,10 years,$150k+,CURRENT,0,Nationstar Mortgage,2024-08-01,2024-08-15,COMPLETE,ORIGINATION_LOS
LN-1624,BW-1124,Andrew Young,JUMBO,2021-05-26,2051-05-26,475000,456442,6.51,360,MD,PURCHASE,A,12 years,$50k-$75k,CURRENT,0,Nationstar Mortgage,2024-08-01,2024-08-15,COMPLETE,ORIGINATION_LOS
LN-1625,BW-1125,Margaret Allen,FHA,2021-08-03,2051-08-03,622000,603152,7.42,360,AL,PURCHASE,D,12 years,$75k-$100k,CURRENT,0,Rocket Mortgage Servicing,2024-08-01,2024-08-15,COMPLETE,ORIGINATION_LOS
LN-1626,BW-1126,Joshua Allen,CONVENTIONAL,2022-01-21,2052-01-21,327000,318283,7.22,360,UT,PURCHASE,D,10 years,$50k-$75k,CURRENT,0,Nationstar Mortgage,2024-08-01,2024-08-15,COMPLETE,ORIGINATION_LOS
LN-1627,BW-1127,Charles Harris,USDA,2022-05-17,2052-05-17,185000,180726,7.18,360,AL,PURCHASE,D,11 years,$50k-$75k,CURRENT,0,PennyMac Loan Services,2024-08-01,2024-08-15,COMPLETE,ORIGINATION_LOS
LN-1628,BW-1128,Joshua Allen,VA,2022-03-18,2052-03-18,624000,609076,7.41,360,MO,PURCHASE,A,12 years,$50k-$75k,CURRENT,0,Nationstar Mortgage,2024-08-01,2024-08-15,COMPLETE,ORIGINATION_LOS
LN-1629,BW-1129,Michael Lewis,USDA,2022-03-26,2052-03-26,195000,188184,5.32,360,LA,PURCHASE,D,6 years,$75k-$100k,CURRENT,0,Rocket Mortgage Servicing,2024-08-01,2024-08-15,COMPLETE,ORIGINATION_LOS
LN-1630,BW-1130,Sandra Anderson,USDA,2023-06-17,2053-06-17,357000,351218,5.36,360,NV,PURCHASE,C,3 years,$100k-$150k,CURRENT,0,Chase Home Lending,2024-08-01,2024-08-15,COMPLETE,ORIGINATION_LOS
LN-1631,BW-1131,Richard Allen,FHA,2022-11-19,2052-11-19,441000,433145,7.13,360,AZ,PURCHASE,B,5 years,$100k-$150k,CURRENT,0,Freedom Mortgage,2024-08-01,2024-08-15,COMPLETE,ORIGINATION_LOS
LN-1632,BW-1132,Paul Williams,FHA,2022-03-18,2052-03-18,525000,509618,6.31,360,OH,PURCHASE,C,12 years,$75k-$100k,CURRENT,0,Chase Home Lending,2024-08-01,2024-08-15,COMPLETE,ORIGINATION_LOS
LN-1633,BW-1133,Emily Young,CONVENTIONAL,2021-06-26,2051-06-26,425000,407589,6.08,360,PA,PURCHASE,A,4 years,$100k-$150k,CURRENT,0,PennyMac Loan Services,2024-08-01,2024-08-15,COMPLETE,ORIGINATION_LOS
LN-1634,BW-1134,Lisa Clark,USDA,2022-04-18,2052-04-18,165000,159125,5,360,OK,PURCHASE,A,12 years,$75k-$100k,CURRENT,0,Chase Home Lending,2024-08-01,2024-08-15,COMPLETE,ORIGINATION_LOS
LN-1635,BW-1135,Michelle Wright,JUMBO,2021-12-19,2051-12-19,220000,210334,4.6,360,MN,PURCHASE,C,9 years,$50k-$75k,CURRENT,0,PennyMac Loan Services,2024-08-01,2024-08-15,COMPLETE,ORIGINATION_LOS
LN-1636,BW-1136,Patricia Lopez,USDA,2023-01-20,2053-01-20,285000,278596,5.3,360,NV,PURCHASE,A,4 years,$75k-$100k,CURRENT,0,Wells Fargo Servicing,2024-08-01,2024-08-15,COMPLETE,ORIGINATION_LOS
LN-1637,BW-1137,Daniel Moore,FHA,2021-02-26,2051-02-26,225000,216141,6.93,360,NC,PURCHASE,C,11 years,$50k-$75k,CURRENT,0,Rocket Mortgage Servicing,2024-08-01,2024-08-15,COMPLETE,ORIGINATION_LOS
LN-1638,BW-1138,Donald King,JUMBO,2023-11-04,2053-11-04,228000,226305,7.08,360,VA,PURCHASE,A,12 years,$100k-$150k,CURRENT,0,Nationstar Mortgage,2024-08-01,2024-08-15,COMPLETE,ORIGINATION_LOS
LN-1639,BW-1139,Sarah Ramirez,VA,2023-05-28,2053-05-28,303000,298748,6.52,360,IL,PURCHASE,A,11 years,$75k-$100k,CURRENT,0,Freedom Mortgage,2024-08-01,2024-08-15,COMPLETE,ORIGINATION_LOS
LN-1640,BW-1140,Susan White,CONVENTIONAL,2023-04-24,2053-04-24,531000,523583,6.9,360,KY,PURCHASE,C,3 years,$50k-$75k,CURRENT,0,Nationstar Mortgage,2024-08-01,2024-08-15,COMPLETE,ORIGINATION_LOS
LN-1641,BW-1141,Sarah Nguyen,VA,2023-06-10,2053-06-10,369000,362914,5.26,360,TX,PURCHASE,A,10 years,$100k-$150k,CURRENT,0,Nationstar Mortgage,2024-08-01,2024-08-15,COMPLETE,ORIGINATION_LOS
LN-1642,BW-1142,Donna Martinez,USDA,2022-01-25,2052-01-25,319000,310045,6.94,360,OR,PURCHASE,A,3 years,$150k+,CURRENT,0,Rocket Mortgage Servicing,2024-08-01,2024-08-15,COMPLETE,ORIGINATION_LOS
LN-1643,BW-1143,Betty Young,VA,2021-09-25,2051-09-25,620000,593942,5.42,360,OH,PURCHASE,B,10 years,$150k+,CURRENT,0,Nationstar Mortgage,2024-08-01,2024-08-15,COMPLETE,ORIGINATION_LOS
LN-1644,BW-1144,Emily King,USDA,2022-10-09,2052-10-09,598000,586333,6.91,360,MA,PURCHASE,B,5 years,$100k-$150k,CURRENT,0,Nationstar Mortgage,2024-08-01,2024-08-15,COMPLETE,ORIGINATION_LOS
LN-1645,BW-1145,Margaret White,VA,2021-10-28,2051-10-28,623000,594243,4.69,360,NJ,PURCHASE,A,12 years,$100k-$150k,CURRENT,0,Nationstar Mortgage,2024-08-01,2024-08-15,COMPLETE,ORIGINATION_LOS
LN-1646,BW-1146,David Johnson,JUMBO,2023-08-02,2053-08-02,172000,170469,7.68,360,OK,PURCHASE,D,8 years,$75k-$100k,CURRENT,0,Wells Fargo Servicing,2024-08-01,2024-08-15,COMPLETE,ORIGINATION_LOS
LN-1647,BW-1147,Karen Hernandez,USDA,2022-07-01,2052-07-01,536000,517663,4.54,360,CO,PURCHASE,D,7 years,$150k+,CURRENT,0,Nationstar Mortgage,2024-08-01,2024-08-15,COMPLETE,ORIGINATION_LOS
LN-1648,BW-1148,Sarah Miller,USDA,2022-10-03,2052-10-03,225000,219424,5.61,360,OR,PURCHASE,D,8 years,$50k-$75k,CURRENT,0,Freedom Mortgage,2024-08-01,2024-08-15,COMPLETE,ORIGINATION_LOS
LN-1649,BW-1149,Thomas Harris,VA,2022-11-12,2052-11-12,375000,366950,6.13,360,NJ,PURCHASE,B,10 years,$150k+,CURRENT,0,PennyMac Loan Services,2024-08-01,2024-08-15,COMPLETE,ORIGINATION_LOS
LN-1650,BW-1150,Michelle Williams,JUMBO,2022-06-15,2052-06-15,644000,626533,6.09,360,IN,PURCHASE,A,11 years,$75k-$100k,CURRENT,0,PennyMac Loan Services,2024-08-01,2024-08-15,COMPLETE,ORIGINATION_LOS
LN-1651,BW-1151,Joshua Martinez,VA,2021-05-23,2051-05-23,260000,246867,5.03,360,IL,PURCHASE,B,10 years,$50k-$75k,CURRENT,0,Nationstar Mortgage,2024-08-01,2024-08-15,COMPLETE,ORIGINATION_LOS
LN-1652,BW-1152,Paul Scott,VA,2021-08-16,2051-08-16,444000,429783,7.12,360,TN,PURCHASE,C,6 years,$150k+,CURRENT,0,Wells Fargo Servicing,2024-08-01,2024-08-15,COMPLETE,ORIGINATION_LOS
LN-1653,BW-1153,Kimberly Wright,VA,2023-11-21,2053-11-21,447000,443572,6.92,360,LA,PURCHASE,C,12 years,$150k+,CURRENT,0,Nationstar Mortgage,2024-08-01,2024-08-15,COMPLETE,ORIGINATION_LOS
LN-1654,BW-1154,Jennifer Hernandez,FHA,2023-02-12,2053-02-12,517000,509700,7.49,360,IN,PURCHASE,C,4 years,$150k+,CURRENT,0,Nationstar Mortgage,2024-08-01,2024-08-15,COMPLETE,ORIGINATION_LOS
LN-1655,BW-1155,Thomas Wright,JUMBO,2022-11-08,2052-11-08,523000,508596,4.74,360,WA,PURCHASE,B,4 years,$75k-$100k,CURRENT,0,Chase Home Lending,2024-08-01,2024-08-15,COMPLETE,ORIGINATION_LOS
LN-1656,BW-1156,Thomas Lopez,FHA,2021-01-22,2051-01-22,242000,232795,7.27,360,VA,PURCHASE,D,5 years,$50k-$75k,CURRENT,0,Chase Home Lending,2024-08-01,2024-08-15,COMPLETE,ORIGINATION_LOS
LN-1657,BW-1157,Kimberly White,VA,2021-02-02,2051-02-02,423000,398573,4.71,360,CA,PURCHASE,D,10 years,$50k-$75k,CURRENT,0,Freedom Mortgage,2024-08-01,2024-08-15,COMPLETE,ORIGINATION_LOS
LN-1658,BW-1158,Karen Rodriguez,USDA,2022-04-20,2052-04-20,495000,481827,6.63,360,CT,PURCHASE,C,4 years,$150k+,CURRENT,0,Wells Fargo Servicing,2024-08-01,2024-08-15,COMPLETE,ORIGINATION_LOS
LN-1659,BW-1159,David Robinson,CONVENTIONAL,2021-07-24,2051-07-24,480000,457329,5.09,360,MO,PURCHASE,A,11 years,$150k+,CURRENT,0,Freedom Mortgage,2024-08-01,2024-08-15,COMPLETE,ORIGINATION_LOS
LN-1660,BW-1160,Patricia Ramirez,FHA,2021-04-18,2051-04-18,321000,310830,7.82,360,OR,PURCHASE,D,5 years,$100k-$150k,CURRENT,0,Nationstar Mortgage,2024-08-01,2024-08-15,COMPLETE,ORIGINATION_LOS
LN-1661,BW-1161,Mark Smith,JUMBO,2023-09-15,2053-09-15,567000,560104,5.57,360,FL,PURCHASE,B,10 years,$50k-$75k,CURRENT,0,Rocket Mortgage Servicing,2024-08-01,2024-08-15,COMPLETE,ORIGINATION_LOS
LN-1662,BW-1162,Linda Smith,FHA,2021-02-20,2051-02-20,248000,238112,6.86,360,MD,PURCHASE,D,8 years,$150k+,CURRENT,0,Nationstar Mortgage,2024-08-01,2024-08-15,COMPLETE,ORIGINATION_LOS
LN-1663,BW-1163,Robert Anderson,JUMBO,2023-06-27,2053-06-27,211000,208202,6.44,360,SC,PURCHASE,A,9 years,$150k+,CURRENT,0,Rocket Mortgage Servicing,2024-08-01,2024-08-15,COMPLETE,ORIGINATION_LOS
LN-1664,BW-1164,Karen Lee,USDA,2022-09-20,2052-09-20,599000,582413,5.25,360,UT,PURCHASE,C,2 years,$150k+,CURRENT,0,Wells Fargo Servicing,2024-08-01,2024-08-15,COMPLETE,ORIGINATION_LOS
LN-1665,BW-1165,Daniel Scott,USDA,2021-07-11,2051-07-11,304000,294624,7.49,360,UT,PURCHASE,B,12 years,$50k-$75k,CURRENT,0,Wells Fargo Servicing,2024-08-01,2024-08-15,COMPLETE,ORIGINATION_LOS
LN-1666,BW-1166,Robert Martinez,FHA,2023-11-20,2053-11-20,291000,289133,7.83,360,IL,PURCHASE,B,9 years,$150k+,CURRENT,0,PennyMac Loan Services,2024-08-01,2024-08-15,COMPLETE,ORIGINATION_LOS
LN-1667,BW-1167,Margaret Taylor,JUMBO,2022-06-26,2052-06-26,251000,243242,5.36,360,NJ,PURCHASE,A,3 years,$75k-$100k,CURRENT,0,PennyMac Loan Services,2024-08-01,2024-08-15,COMPLETE,ORIGINATION_LOS
LN-1668,BW-1168,Joseph Moore,FHA,2021-12-15,2051-12-15,158000,154058,7.76,360,MO,PURCHASE,B,11 years,$150k+,CURRENT,0,Chase Home Lending,2024-08-01,2024-08-15,COMPLETE,ORIGINATION_LOS
LN-1669,BW-1169,Daniel Williams,JUMBO,2023-04-16,2053-04-16,341000,335939,6.58,360,NY,PURCHASE,D,5 years,$50k-$75k,CURRENT,0,Freedom Mortgage,2024-08-01,2024-08-15,COMPLETE,ORIGINATION_LOS
LN-1670,BW-1170,Barbara Jones,USDA,2023-11-02,2053-11-02,619000,614442,7.13,360,MI,PURCHASE,B,6 years,$100k-$150k,CURRENT,0,Nationstar Mortgage,2024-08-01,2024-08-15,COMPLETE,ORIGINATION_LOS
LN-1671,BW-1171,Sarah Lewis,CONVENTIONAL,2021-08-24,2051-08-24,632000,606900,5.92,360,OK,PURCHASE,C,12 years,$150k+,CURRENT,0,PennyMac Loan Services,2024-08-01,2024-08-15,COMPLETE,ORIGINATION_LOS
LN-1672,BW-1172,Joseph King,FHA,2021-04-19,2051-04-19,232000,223179,6.82,360,UT,PURCHASE,D,5 years,$50k-$75k,CURRENT,0,Wells Fargo Servicing,2024-08-01,2024-08-15,COMPLETE,ORIGINATION_LOS
LN-1673,BW-1173,John Lewis,JUMBO,2023-01-17,2053-01-17,156000,152756,5.73,360,WI,PURCHASE,C,5 years,$150k+,CURRENT,0,Nationstar Mortgage,2024-08-01,2024-08-15,COMPLETE,ORIGINATION_LOS
LN-1674,BW-1174,Christopher Jones,USDA,2021-09-20,2051-09-20,511000,489560,5.43,360,CT,PURCHASE,C,11 years,$75k-$100k,CURRENT,0,Freedom Mortgage,2024-08-01,2024-08-15,COMPLETE,ORIGINATION_LOS
LN-1675,BW-1175,Barbara Lewis,JUMBO,2022-12-16,2052-12-16,559000,548216,6.43,360,OK,PURCHASE,C,11 years,$150k+,CURRENT,0,Nationstar Mortgage,2024-08-01,2024-08-15,COMPLETE,ORIGINATION_LOS
LN-1676,BW-1176,Kimberly Lewis,CONVENTIONAL,2021-08-01,2051-08-01,524000,506755,6.97,360,PA,PURCHASE,C,12 years,$50k-$75k,CURRENT,0,Nationstar Mortgage,2024-08-01,2024-08-15,COMPLETE,ORIGINATION_LOS
LN-1677,BW-1177,Michelle Thomas,VA,2021-08-14,2051-08-14,245000,237562,7.41,360,FL,PURCHASE,D,6 years,$50k-$75k,CURRENT,0,Wells Fargo Servicing,2024-08-01,2024-08-15,COMPLETE,ORIGINATION_LOS
LN-1678,BW-1178,Mark Jackson,JUMBO,2022-10-20,2052-10-20,242000,237631,7.32,360,FL,PURCHASE,D,6 years,$75k-$100k,CURRENT,0,Chase Home Lending,2024-08-01,2024-08-15,COMPLETE,ORIGINATION_LOS
LN-1679,BW-1179,Sandra Jones,JUMBO,2023-12-09,2053-12-09,564000,559377,5.94,360,MO,PURCHASE,C,7 years,$75k-$100k,CURRENT,0,PennyMac Loan Services,2024-08-01,2024-08-15,COMPLETE,ORIGINATION_LOS
LN-1680,BW-1180,Ashley Anderson,USDA,2022-06-07,2052-06-07,303000,292162,4.52,360,KY,PURCHASE,C,6 years,$50k-$75k,CURRENT,0,Wells Fargo Servicing,2024-08-01,2024-08-15,COMPLETE,ORIGINATION_LOS
LN-1681,BW-1181,Donna Anderson,VA,2022-05-17,2052-05-17,550000,538058,7.51,360,NY,PURCHASE,D,7 years,$100k-$150k,CURRENT,0,Freedom Mortgage,2024-08-01,2024-08-15,COMPLETE,ORIGINATION_LOS
LN-1682,BW-1182,Christopher Harris,FHA,2022-12-22,2052-12-22,157000,154360,7.16,360,MO,PURCHASE,A,12 years,$50k-$75k,CURRENT,0,Rocket Mortgage Servicing,2024-08-01,2024-08-15,COMPLETE,ORIGINATION_LOS
LN-1683,BW-1183,Michael Martinez,JUMBO,2023-03-08,2053-03-08,235000,231858,7.46,360,CO,PURCHASE,B,6 years,$150k+,CURRENT,0,Chase Home Lending,2024-08-01,2024-08-15,COMPLETE,ORIGINATION_LOS
LN-1684,BW-1184,Ashley Lewis,CONVENTIONAL,2023-08-21,2053-08-21,169000,167336,7.16,360,GA,PURCHASE,B,3 years,$100k-$150k,CURRENT,0,Chase Home Lending,2024-08-01,2024-08-15,COMPLETE,ORIGINATION_LOS
LN-1685,BW-1185,Thomas Anderson,VA,2021-07-19,2051-07-19,160000,154899,7.31,360,PA,PURCHASE,D,9 years,$100k-$150k,CURRENT,0,Chase Home Lending,2024-08-01,2024-08-15,COMPLETE,ORIGINATION_LOS
LN-1686,BW-1186,Jessica Martinez,FHA,2021-11-05,2051-11-05,536000,516497,5.88,360,GA,PURCHASE,B,8 years,$100k-$150k,CURRENT,0,Nationstar Mortgage,2024-08-01,2024-08-15,COMPLETE,ORIGINATION_LOS
LN-1687,BW-1187,David Lopez,FHA,2021-09-02,2051-09-02,305000,295586,7.15,360,KY,PURCHASE,A,8 years,$150k+,CURRENT,0,Wells Fargo Servicing,2024-08-01,2024-08-15,COMPLETE,ORIGINATION_LOS
LN-1688,BW-1188,David Scott,FHA,2022-05-24,2052-05-24,173000,167590,5.52,360,MD,PURCHASE,A,9 years,$100k-$150k,CURRENT,0,Rocket Mortgage Servicing,2024-08-01,2024-08-15,COMPLETE,ORIGINATION_LOS
LN-1689,BW-1189,Andrew King,VA,2022-12-07,2052-12-07,162000,159165,6.95,360,TN,PURCHASE,A,5 years,$100k-$150k,CURRENT,0,PennyMac Loan Services,2024-08-01,2024-08-15,COMPLETE,ORIGINATION_LOS
LN-1690,BW-1190,Lisa Rodriguez,USDA,2022-05-04,2052-05-04,496000,483971,6.92,360,AZ,PURCHASE,C,11 years,$100k-$150k,CURRENT,0,PennyMac Loan Services,2024-08-01,2024-08-15,COMPLETE,ORIGINATION_LOS
LN-1691,BW-1191,Elizabeth Jackson,FHA,2022-06-23,2052-06-23,635000,622137,7.66,360,TX,PURCHASE,C,10 years,$75k-$100k,CURRENT,0,Freedom Mortgage,2024-08-01,2024-08-15,COMPLETE,ORIGINATION_LOS
LN-1692,BW-1192,James Young,CONVENTIONAL,2021-04-12,2051-04-12,412000,393698,5.94,360,OR,PURCHASE,D,10 years,$150k+,CURRENT,0,PennyMac Loan Services,2024-08-01,2024-08-15,COMPLETE,ORIGINATION_LOS
LN-1693,BW-1193,Robert Garcia,USDA,2021-10-19,2051-10-19,353000,340126,6.05,360,UT,PURCHASE,C,6 years,$50k-$75k,CURRENT,0,Chase Home Lending,2024-08-01,2024-08-15,COMPLETE,ORIGINATION_LOS
LN-1694,BW-1194,Steven Harris,CONVENTIONAL,2023-10-01,2053-10-01,479000,473188,5.05,360,CA,PURCHASE,D,4 years,$75k-$100k,CURRENT,0,PennyMac Loan Services,2024-08-01,2024-08-15,COMPLETE,ORIGINATION_LOS
LN-1695,BW-1195,Donald Young,CONVENTIONAL,2023-07-18,2053-07-18,563000,557713,7.83,360,KY,PURCHASE,A,9 years,$100k-$150k,CURRENT,0,Wells Fargo Servicing,2024-08-01,2024-08-15,COMPLETE,ORIGINATION_LOS
LN-1696,BW-1196,Steven Williams,USDA,2021-05-06,2051-05-06,416000,402612,7.58,360,PA,PURCHASE,B,12 years,$50k-$75k,CURRENT,0,PennyMac Loan Services,2024-08-01,2024-08-15,COMPLETE,ORIGINATION_LOS
LN-1697,BW-1197,Elizabeth Ramirez,JUMBO,2023-03-15,2053-03-15,514000,506858,7.26,360,WI,PURCHASE,A,5 years,$150k+,CURRENT,0,Wells Fargo Servicing,2024-08-01,2024-08-15,COMPLETE,ORIGINATION_LOS
LN-1698,BW-1198,Emily Robinson,JUMBO,2023-12-27,2053-12-27,451000,447520,6.26,360,CA,PURCHASE,C,7 years,$150k+,CURRENT,0,Chase Home Lending,2024-08-01,2024-08-15,COMPLETE,ORIGINATION_LOS
LN-1699,BW-1199,Karen Harris,CONVENTIONAL,2023-10-02,2053-10-02,522000,516910,6.23,360,TN,PURCHASE,B,7 years,$75k-$100k,CURRENT,0,Chase Home Lending,2024-08-01,2024-08-15,COMPLETE,ORIGINATION_LOS
LN-1700,BW-1200,Mary Anderson,JUMBO,2022-05-09,2052-05-09,408000,396990,6.34,360,MA,PURCHASE,B,11 years,$100k-$150k,CURRENT,0,PennyMac Loan Services,2024-08-01,2024-08-15,COMPLETE,ORIGINATION_LOS
LN-1701,BW-1201,Elizabeth Davis,FHA,2023-01-15,2053-01-15,255000,249953,6,360,TX,PURCHASE,A,7 years,$75k-$100k,CURRENT,0,Nationstar Mortgage,2024-08-01,2024-08-15,COMPLETE,ORIGINATION_LOS
LN-1702,BW-1202,John Lopez,CONVENTIONAL,2022-04-14,2052-04-14,218000,212357,6.78,360,OH,PURCHASE,B,6 years,$150k+,CURRENT,0,Chase Home Lending,2024-08-01,2024-08-15,COMPLETE,ORIGINATION_LOS
LN-1703,BW-1203,Michelle Harris,CONVENTIONAL,2021-04-02,2051-04-02,291000,280782,7.26,360,NV,PURCHASE,D,3 years,$75k-$100k,CURRENT,0,Nationstar Mortgage,2024-08-01,2024-08-15,COMPLETE,ORIGINATION_LOS
LN-1704,BW-1204,Sandra Williams,USDA,2021-10-03,2051-10-03,586000,565851,6.38,360,CT,PURCHASE,D,8 years,$75k-$100k,CURRENT,0,Rocket Mortgage Servicing,2024-08-01,2024-08-15,COMPLETE,ORIGINATION_LOS
LN-1705,BW-1205,Thomas Allen,USDA,2022-12-24,2052-12-24,368000,360057,5.82,360,NJ,PURCHASE,D,7 years,$150k+,CURRENT,0,Rocket Mortgage Servicing,2024-08-01,2024-08-15,COMPLETE,ORIGINATION_LOS
LN-1706,BW-1206,Linda Ramirez,FHA,2021-02-25,2051-02-25,641000,617261,7.27,360,CT,PURCHASE,C,10 years,$50k-$75k,CURRENT,0,Rocket Mortgage Servicing,2024-08-01,2024-08-15,COMPLETE,ORIGINATION_LOS
LN-1707,BW-1207,James Moore,USDA,2023-08-22,2053-08-22,221000,217838,5.17,360,NY,PURCHASE,D,3 years,$75k-$100k,CURRENT,0,Freedom Mortgage,2024-08-01,2024-08-15,COMPLETE,ORIGINATION_LOS
LN-1708,BW-1208,Robert Clark,JUMBO,2022-12-11,2052-12-11,374000,367443,6.94,360,LA,PURCHASE,B,9 years,$150k+,CURRENT,0,PennyMac Loan Services,2024-08-01,2024-08-15,COMPLETE,ORIGINATION_LOS
LN-1709,BW-1209,Michael Davis,USDA,2021-04-14,2051-04-14,292000,278663,5.78,360,PA,PURCHASE,B,9 years,$75k-$100k,CURRENT,0,Nationstar Mortgage,2024-08-01,2024-08-15,COMPLETE,ORIGINATION_LOS
LN-1710,BW-1210,Donna Walker,JUMBO,2021-08-27,2051-08-27,541000,517840,5.49,360,MI,PURCHASE,D,11 years,$150k+,CURRENT,0,Rocket Mortgage Servicing,2024-08-01,2024-08-15,COMPLETE,ORIGINATION_LOS
LN-1711,BW-1211,Patricia Flores,FHA,2023-02-22,2053-02-22,413000,404885,5.73,360,AZ,PURCHASE,C,11 years,$100k-$150k,CURRENT,0,Freedom Mortgage,2024-08-01,2024-08-15,COMPLETE,ORIGINATION_LOS
LN-1712,BW-1212,David Smith,CONVENTIONAL,2021-01-03,2051-01-03,355000,341835,7.41,360,WA,PURCHASE,B,5 years,$75k-$100k,CURRENT,0,PennyMac Loan Services,2024-08-01,2024-08-15,COMPLETE,ORIGINATION_LOS
LN-1713,BW-1213,William Scott,JUMBO,2022-02-18,2052-02-18,294000,284348,5.88,360,OH,PURCHASE,D,10 years,$75k-$100k,CURRENT,0,Wells Fargo Servicing,2024-08-01,2024-08-15,COMPLETE,ORIGINATION_LOS
LN-1714,BW-1214,Mary Scott,CONVENTIONAL,2023-01-24,2053-01-24,345000,339650,7.3,360,CA,PURCHASE,C,2 years,$50k-$75k,CURRENT,0,PennyMac Loan Services,2024-08-01,2024-08-15,COMPLETE,ORIGINATION_LOS
LN-1715,BW-1215,John Lee,FHA,2023-05-13,2053-05-13,272000,267346,5.45,360,NC,PURCHASE,A,11 years,$75k-$100k,CURRENT,0,Chase Home Lending,2024-08-01,2024-08-15,COMPLETE,ORIGINATION_LOS
LN-1716,BW-1216,Charles Robinson,JUMBO,2021-10-14,2051-10-14,151000,145600,6.16,360,TX,PURCHASE,D,5 years,$100k-$150k,CURRENT,0,Wells Fargo Servicing,2024-08-01,2024-08-15,COMPLETE,ORIGINATION_LOS
LN-1717,BW-1217,Sandra Wright,FHA,2023-12-02,2053-12-02,561000,557438,7.27,360,MA,PURCHASE,A,11 years,$100k-$150k,CURRENT,0,Nationstar Mortgage,2024-08-01,2024-08-15,COMPLETE,ORIGINATION_LOS
LN-1718,BW-1218,Richard Brown,VA,2021-10-21,2051-10-21,570000,553701,7.39,360,MD,PURCHASE,B,10 years,$50k-$75k,CURRENT,0,Wells Fargo Servicing,2024-08-01,2024-08-15,COMPLETE,ORIGINATION_LOS
LN-1719,BW-1219,Richard Torres,VA,2021-10-26,2051-10-26,220000,210234,4.92,360,MI,PURCHASE,B,2 years,$100k-$150k,CURRENT,0,Nationstar Mortgage,2024-08-01,2024-08-15,COMPLETE,ORIGINATION_LOS
LN-1720,BW-1220,Joshua Martin,JUMBO,2022-07-05,2052-07-05,212000,205568,5.23,360,WI,PURCHASE,B,9 years,$50k-$75k,CURRENT,0,Freedom Mortgage,2024-08-01,2024-08-15,COMPLETE,ORIGINATION_LOS
LN-1721,BW-1221,Lisa Gonzalez,VA,2023-02-18,2053-02-18,612000,601628,6.53,360,WA,PURCHASE,D,6 years,$50k-$75k,CURRENT,0,Wells Fargo Servicing,2024-08-01,2024-08-15,COMPLETE,ORIGINATION_LOS
LN-1722,BW-1222,Mary Brown,USDA,2023-02-27,2053-02-27,496000,486128,5.66,360,CT,PURCHASE,A,3 years,$150k+,CURRENT,0,PennyMac Loan Services,2024-08-01,2024-08-15,COMPLETE,ORIGINATION_LOS
LN-1723,BW-1223,Charles Smith,VA,2021-11-19,2051-11-19,166000,161592,7.61,360,GA,PURCHASE,C,8 years,$150k+,CURRENT,0,Freedom Mortgage,2024-08-01,2024-08-15,COMPLETE,ORIGINATION_LOS
LN-1724,BW-1224,Emily Davis,CONVENTIONAL,2021-01-09,2051-01-09,310000,291605,4.7,360,AL,PURCHASE,A,10 years,$75k-$100k,CURRENT,0,PennyMac Loan Services,2024-08-01,2024-08-15,COMPLETE,ORIGINATION_LOS
LN-1725,BW-1225,Mary Taylor,VA,2023-12-21,2053-12-21,224000,222352,6.51,360,UT,PURCHASE,C,2 years,$75k-$100k,CURRENT,0,PennyMac Loan Services,2024-08-01,2024-08-15,COMPLETE,ORIGINATION_LOS
LN-1726,BW-1226,Charles Walker,FHA,2021-05-15,2051-05-15,444000,422760,5.35,360,GA,PURCHASE,A,4 years,$50k-$75k,CURRENT,0,Freedom Mortgage,2024-08-01,2024-08-15,COMPLETE,ORIGINATION_LOS
LN-1727,BW-1227,Patricia Robinson,USDA,2021-07-15,2051-07-15,227000,217092,5.55,360,AL,PURCHASE,A,8 years,$75k-$100k,CURRENT,0,Wells Fargo Servicing,2024-08-01,2024-08-15,COMPLETE,ORIGINATION_LOS
LN-1728,BW-1228,Mark Hill,CONVENTIONAL,2023-09-04,2053-09-04,435000,431256,7.39,360,KY,PURCHASE,C,4 years,$100k-$150k,CURRENT,0,Nationstar Mortgage,2024-08-01,2024-08-15,COMPLETE,ORIGINATION_LOS
LN-1729,BW-1229,Michael Wright,VA,2023-11-07,2053-11-07,516000,510678,5.35,360,MA,PURCHASE,C,10 years,$50k-$75k,CURRENT,0,Rocket Mortgage Servicing,2024-08-01,2024-08-15,COMPLETE,ORIGINATION_LOS
LN-1730,BW-1230,Joshua King,JUMBO,2023-01-26,2053-01-26,542000,528524,4.73,360,GA,PURCHASE,C,6 years,$150k+,CURRENT,0,Freedom Mortgage,2024-08-01,2024-08-15,COMPLETE,ORIGINATION_LOS
LN-1731,BW-1231,John Allen,FHA,2023-03-05,2053-03-05,496000,489330,7.43,360,CT,PURCHASE,D,9 years,$150k+,CURRENT,0,Nationstar Mortgage,2024-08-01,2024-08-15,COMPLETE,ORIGINATION_LOS
LN-1732,BW-1232,Susan Lopez,JUMBO,2023-10-05,2053-10-05,349000,344834,5.14,360,MN,PURCHASE,B,2 years,$50k-$75k,CURRENT,0,PennyMac Loan Services,2024-08-01,2024-08-15,COMPLETE,ORIGINATION_LOS
LN-1733,BW-1233,Jessica Martin,CONVENTIONAL,2021-10-04,2051-10-04,515000,492409,4.99,360,PA,PURCHASE,D,11 years,$75k-$100k,CURRENT,0,Wells Fargo Servicing,2024-08-01,2024-08-15,COMPLETE,ORIGINATION_LOS
LN-1734,BW-1234,Elizabeth Smith,JUMBO,2023-04-14,2053-04-14,611000,599944,5.51,360,OR,PURCHASE,D,3 years,$100k-$150k,CURRENT,0,Wells Fargo Servicing,2024-08-01,2024-08-15,COMPLETE,ORIGINATION_LOS
LN-1735,BW-1235,Sarah Wright,VA,2022-08-21,2052-08-21,538000,526243,6.8,360,SC,PURCHASE,D,7 years,$75k-$100k,CURRENT,0,Freedom Mortgage,2024-08-01,2024-08-15,COMPLETE,ORIGINATION_LOS
LN-1736,BW-1236,Patricia Allen,VA,2023-12-04,2053-12-04,489000,484808,5.7,360,WA,PURCHASE,D,3 years,$150k+,CURRENT,0,Freedom Mortgage,2024-08-01,2024-08-15,COMPLETE,ORIGINATION_LOS
LN-1737,BW-1237,Kimberly Jackson,USDA,2022-03-23,2052-03-23,218000,212941,7.57,360,NC,PURCHASE,C,8 years,$100k-$150k,CURRENT,0,Chase Home Lending,2024-08-01,2024-08-15,COMPLETE,ORIGINATION_LOS
LN-1738,BW-1238,Joseph Young,USDA,2022-10-01,2052-10-01,633000,621915,7.48,360,PA,PURCHASE,D,7 years,$75k-$100k,CURRENT,0,Chase Home Lending,2024-08-01,2024-08-15,COMPLETE,ORIGINATION_LOS
LN-1739,BW-1239,Steven Lewis,CONVENTIONAL,2021-03-24,2051-03-24,404000,382309,4.99,360,NJ,PURCHASE,C,8 years,$150k+,CURRENT,0,PennyMac Loan Services,2024-08-01,2024-08-15,COMPLETE,ORIGINATION_LOS
LN-1740,BW-1240,David Hernandez,VA,2021-07-06,2051-07-06,644000,622818,7.14,360,OK,PURCHASE,D,11 years,$100k-$150k,CURRENT,0,Chase Home Lending,2024-08-01,2024-08-15,COMPLETE,ORIGINATION_LOS
LN-1741,BW-1241,Charles Hill,FHA,2022-02-06,2052-02-06,639000,621819,6.98,360,MN,PURCHASE,B,8 years,$100k-$150k,CURRENT,0,PennyMac Loan Services,2024-08-01,2024-08-15,COMPLETE,ORIGINATION_LOS
LN-1742,BW-1242,Michelle Thompson,FHA,2021-10-03,2051-10-03,516000,492819,4.85,360,MI,PURCHASE,C,12 years,$50k-$75k,CURRENT,0,Chase Home Lending,2024-08-01,2024-08-15,COMPLETE,ORIGINATION_LOS
LN-1743,BW-1243,Daniel Hernandez,JUMBO,2021-05-10,2051-05-10,385000,365122,4.9,360,CA,PURCHASE,A,8 years,$50k-$75k,CURRENT,0,PennyMac Loan Services,2024-08-01,2024-08-15,COMPLETE,ORIGINATION_LOS
LN-1744,BW-1244,William Lewis,USDA,2021-01-09,2051-01-09,283000,271015,6.67,360,TX,PURCHASE,B,11 years,$75k-$100k,CURRENT,0,Nationstar Mortgage,2024-08-01,2024-08-15,COMPLETE,ORIGINATION_LOS
LN-1745,BW-1245,Linda Thomas,USDA,2023-12-18,2053-12-18,164000,162907,7.02,360,MI,PURCHASE,D,5 years,$50k-$75k,CURRENT,0,Freedom Mortgage,2024-08-01,2024-08-15,COMPLETE,ORIGINATION_LOS
LN-1746,BW-1246,Elizabeth Taylor,FHA,2021-02-20,2051-02-20,368000,352956,6.72,360,MD,PURCHASE,B,12 years,$75k-$100k,CURRENT,0,Nationstar Mortgage,2024-08-01,2024-08-15,COMPLETE,ORIGINATION_LOS
LN-1747,BW-1247,Thomas Nguyen,JUMBO,2021-12-02,2051-12-02,210000,201888,5.35,360,CO,PURCHASE,D,7 years,$100k-$150k,CURRENT,0,Nationstar Mortgage,2024-08-01,2024-08-15,COMPLETE,ORIGINATION_LOS
LN-1748,BW-1248,Elizabeth Hernandez,CONVENTIONAL,2023-06-09,2053-06-09,594000,583677,4.97,360,TX,PURCHASE,B,6 years,$100k-$150k,CURRENT,0,Chase Home Lending,2024-08-01,2024-08-15,COMPLETE,ORIGINATION_LOS
LN-1749,BW-1249,Donald Torres,USDA,2023-06-14,2053-06-14,315000,309101,4.55,360,OH,PURCHASE,A,6 years,$50k-$75k,CURRENT,0,Nationstar Mortgage,2024-08-01,2024-08-15,COMPLETE,ORIGINATION_LOS
LN-1750,BW-1250,Donald Anderson,VA,2021-11-08,2051-11-08,299000,291353,7.81,360,FL,PURCHASE,D,5 years,$100k-$150k,CURRENT,0,Rocket Mortgage Servicing,2024-08-01,2024-08-15,COMPLETE,ORIGINATION_LOS
LN-1751,BW-1251,William Harris,VA,2022-08-17,2052-08-17,379000,368907,5.72,360,VA,PURCHASE,D,9 years,$50k-$75k,CURRENT,0,Rocket Mortgage Servicing,2024-08-01,2024-08-15,COMPLETE,ORIGINATION_LOS
LN-1752,BW-1252,Daniel Lopez,JUMBO,2023-08-12,2053-08-12,617000,611357,7.54,360,TN,PURCHASE,C,7 years,$150k+,CURRENT,0,Freedom Mortgage,2024-08-01,2024-08-15,COMPLETE,ORIGINATION_LOS
LN-1753,BW-1253,Charles Garcia,CONVENTIONAL,2022-12-21,2052-12-21,169000,165648,6.28,360,MA,PURCHASE,B,7 years,$150k+,CURRENT,0,PennyMac Loan Services,2024-08-01,2024-08-15,COMPLETE,ORIGINATION_LOS
LN-1754,BW-1254,James Ramirez,USDA,2021-03-08,2051-03-08,454000,432471,5.72,360,MI,PURCHASE,C,11 years,$150k+,CURRENT,0,Rocket Mortgage Servicing,2024-08-01,2024-08-15,COMPLETE,ORIGINATION_LOS
LN-1755,BW-1255,Betty Perez,USDA,2022-04-14,2052-04-14,281000,273806,6.84,360,AZ,PURCHASE,D,11 years,$50k-$75k,CURRENT,0,Wells Fargo Servicing,2024-08-01,2024-08-15,COMPLETE,ORIGINATION_LOS
LN-1756,BW-1256,Karen King,USDA,2023-04-11,2053-04-11,593000,582635,5.7,360,MN,PURCHASE,D,12 years,$75k-$100k,CURRENT,0,Chase Home Lending,2024-08-01,2024-08-15,COMPLETE,ORIGINATION_LOS
LN-1757,BW-1257,Jessica Gonzalez,USDA,2021-12-26,2051-12-26,498000,481355,6.17,360,VA,PURCHASE,D,5 years,$75k-$100k,CURRENT,0,PennyMac Loan Services,2024-08-01,2024-08-15,COMPLETE,ORIGINATION_LOS
LN-1758,BW-1258,Jessica Rodriguez,USDA,2021-08-01,2051-08-01,257000,249811,7.85,360,AL,PURCHASE,D,7 years,$100k-$150k,CURRENT,0,Freedom Mortgage,2024-08-01,2024-08-15,COMPLETE,ORIGINATION_LOS
LN-1759,BW-1259,Thomas Rodriguez,JUMBO,2021-02-26,2051-02-26,342000,324199,5.33,360,WA,PURCHASE,B,4 years,$75k-$100k,CURRENT,0,Chase Home Lending,2024-08-01,2024-08-15,COMPLETE,ORIGINATION_LOS
LN-1760,BW-1260,Nancy Allen,VA,2022-01-21,2052-01-21,355000,344661,6.74,360,PA,PURCHASE,C,2 years,$100k-$150k,CURRENT,0,Rocket Mortgage Servicing,2024-08-01,2024-08-15,COMPLETE,ORIGINATION_LOS
LN-1761,BW-1261,Michael Taylor,CONVENTIONAL,2023-05-24,2053-05-24,542000,535123,7.05,360,CO,PURCHASE,B,6 years,$75k-$100k,CURRENT,0,PennyMac Loan Services,2024-08-01,2024-08-15,COMPLETE,ORIGINATION_LOS
LN-1762,BW-1262,Emily Walker,JUMBO,2022-09-20,2052-09-20,284000,275752,4.98,360,NC,PURCHASE,A,10 years,$75k-$100k,CURRENT,0,Freedom Mortgage,2024-08-01,2024-08-15,COMPLETE,ORIGINATION_LOS
LN-1763,BW-1263,Betty Walker,VA,2021-07-23,2051-07-23,338000,322572,5.29,360,MD,PURCHASE,D,4 years,$75k-$100k,CURRENT,0,Nationstar Mortgage,2024-08-01,2024-08-15,COMPLETE,ORIGINATION_LOS
LN-1764,BW-1264,Matthew Lewis,JUMBO,2023-07-08,2053-07-08,407000,401887,6.32,360,SC,PURCHASE,D,11 years,$50k-$75k,CURRENT,0,Rocket Mortgage Servicing,2024-08-01,2024-08-15,COMPLETE,ORIGINATION_LOS
LN-1765,BW-1265,James Hernandez,CONVENTIONAL,2022-04-18,2052-04-18,332000,324051,7.2,360,MD,PURCHASE,D,10 years,$50k-$75k,CURRENT,0,PennyMac Loan Services,2024-08-01,2024-08-15,COMPLETE,ORIGINATION_LOS
LN-1766,BW-1266,Robert Thomas,VA,2021-07-08,2051-07-08,336000,319583,4.89,360,KY,PURCHASE,A,6 years,$75k-$100k,CURRENT,0,PennyMac Loan Services,2024-08-01,2024-08-15,COMPLETE,ORIGINATION_LOS
LN-1767,BW-1267,Robert Lee,JUMBO,2022-02-22,2052-02-22,586000,566898,5.92,360,NV,PURCHASE,A,6 years,$75k-$100k,CURRENT,0,Chase Home Lending,2024-08-01,2024-08-15,COMPLETE,ORIGINATION_LOS
LN-1768,BW-1268,Linda Flores,USDA,2021-12-09,2051-12-09,546000,529598,6.76,360,IL,PURCHASE,C,7 years,$75k-$100k,CURRENT,0,Nationstar Mortgage,2024-08-01,2024-08-15,COMPLETE,ORIGINATION_LOS
LN-1769,BW-1269,Michael King,VA,2022-10-13,2052-10-13,491000,480563,6.45,360,CO,PURCHASE,C,5 years,$75k-$100k,CURRENT,0,PennyMac Loan Services,2024-08-01,2024-08-15,COMPLETE,ORIGINATION_LOS
LN-1770,BW-1270,Linda Hernandez,VA,2021-11-15,2051-11-15,291000,283445,7.73,360,NV,PURCHASE,D,4 years,$150k+,CURRENT,0,Wells Fargo Servicing,2024-08-01,2024-08-15,COMPLETE,ORIGINATION_LOS
LN-1771,BW-1271,Elizabeth Torres,VA,2022-01-11,2052-01-11,586000,569760,7.01,360,NV,PURCHASE,B,6 years,$150k+,CURRENT,0,Rocket Mortgage Servicing,2024-08-01,2024-08-15,COMPLETE,ORIGINATION_LOS
LN-1772,BW-1272,Joseph Perez,CONVENTIONAL,2021-06-20,2051-06-20,309000,296207,6.02,360,TN,PURCHASE,C,12 years,$150k+,CURRENT,0,Freedom Mortgage,2024-08-01,2024-08-15,COMPLETE,ORIGINATION_LOS
LN-1773,BW-1273,Christopher White,USDA,2023-07-25,2053-07-25,351000,344897,4.54,360,NV,PURCHASE,D,8 years,$50k-$75k,CURRENT,0,PennyMac Loan Services,2024-08-01,2024-08-15,COMPLETE,ORIGINATION_LOS
LN-1774,BW-1274,Matthew Jones,CONVENTIONAL,2022-01-17,2052-01-17,379000,366761,6.17,360,FL,PURCHASE,A,9 years,$75k-$100k,CURRENT,0,Chase Home Lending,2024-08-01,2024-08-15,COMPLETE,ORIGINATION_LOS
LN-1775,BW-1275,Thomas Jones,CONVENTIONAL,2023-06-17,2053-06-17,533000,524932,5.73,360,MA,PURCHASE,C,9 years,$75k-$100k,CURRENT,0,Freedom Mortgage,2024-08-01,2024-08-15,COMPLETE,ORIGINATION_LOS
LN-1776,BW-1276,Charles Lewis,USDA,2022-12-14,2052-12-14,591000,574951,4.53,360,WA,PURCHASE,C,9 years,$150k+,CURRENT,0,Rocket Mortgage Servicing,2024-08-01,2024-08-15,COMPLETE,ORIGINATION_LOS
LN-1777,BW-1277,Jessica Williams,JUMBO,2022-12-02,2052-12-02,180000,177196,7.56,360,WI,PURCHASE,D,6 years,$150k+,CURRENT,0,Freedom Mortgage,2024-08-01,2024-08-15,COMPLETE,ORIGINATION_LOS
LN-1778,BW-1278,Jennifer Torres,CONVENTIONAL,2023-05-24,2053-05-24,244000,240832,6.93,360,NV,PURCHASE,B,3 years,$75k-$100k,CURRENT,0,Nationstar Mortgage,2024-08-01,2024-08-15,COMPLETE,ORIGINATION_LOS
LN-1779,BW-1279,Donald Davis,VA,2022-05-11,2052-05-11,481000,470477,7.47,360,OK,PURCHASE,B,9 years,$150k+,CURRENT,0,PennyMac Loan Services,2024-08-01,2024-08-15,COMPLETE,ORIGINATION_LOS
LN-1780,BW-1280,Robert Brown,JUMBO,2022-08-07,2052-08-07,591000,578442,6.95,360,UT,PURCHASE,B,7 years,$150k+,CURRENT,0,Nationstar Mortgage,2024-08-01,2024-08-15,COMPLETE,ORIGINATION_LOS
LN-1781,BW-1281,Elizabeth Hill,VA,2022-04-15,2052-04-15,483000,464764,4.66,360,MI,PURCHASE,B,2 years,$75k-$100k,CURRENT,0,Wells Fargo Servicing,2024-08-01,2024-08-15,COMPLETE,ORIGINATION_LOS
LN-1782,BW-1282,Joseph Scott,FHA,2023-03-07,2053-03-07,392000,385801,6.58,360,UT,PURCHASE,A,12 years,$50k-$75k,CURRENT,0,Nationstar Mortgage,2024-08-01,2024-08-15,COMPLETE,ORIGINATION_LOS
LN-1783,BW-1283,Daniel Clark,FHA,2023-07-19,2053-07-19,471000,464432,5.76,360,SC,PURCHASE,B,6 years,$150k+,CURRENT,0,PennyMac Loan Services,2024-08-01,2024-08-15,COMPLETE,ORIGINATION_LOS
LN-1784,BW-1284,Joseph Anderson,CONVENTIONAL,2021-11-09,2051-11-09,400000,389077,7.46,360,MN,PURCHASE,B,7 years,$75k-$100k,CURRENT,0,Wells Fargo Servicing,2024-08-01,2024-08-15,COMPLETE,ORIGINATION_LOS
LN-1785,BW-1285,Sarah Martin,CONVENTIONAL,2021-04-01,2051-04-01,273000,261248,6.12,360,AL,PURCHASE,D,4 years,$50k-$75k,CURRENT,0,Nationstar Mortgage,2024-08-01,2024-08-15,COMPLETE,ORIGINATION_LOS
LN-1786,BW-1286,Kimberly Davis,JUMBO,2022-10-25,2052-10-25,521000,506760,5.06,360,CA,PURCHASE,A,8 years,$100k-$150k,CURRENT,0,Chase Home Lending,2024-08-01,2024-08-15,COMPLETE,ORIGINATION_LOS
LN-1787,BW-1287,Elizabeth Harris,VA,2023-03-05,2053-03-05,620000,610997,7.03,360,NY,PURCHASE,C,6 years,$150k+,CURRENT,0,Rocket Mortgage Servicing,2024-08-01,2024-08-15,COMPLETE,ORIGINATION_LOS
LN-1788,BW-1288,Joseph Lee,VA,2021-06-23,2051-06-23,396000,380423,6.31,360,WA,PURCHASE,A,4 years,$75k-$100k,CURRENT,0,Rocket Mortgage Servicing,2024-08-01,2024-08-15,COMPLETE,ORIGINATION_LOS
LN-1789,BW-1289,Margaret Brown,USDA,2023-01-04,2053-01-04,443000,434487,6.16,360,MN,PURCHASE,A,6 years,$150k+,CURRENT,0,Rocket Mortgage Servicing,2024-08-01,2024-08-15,COMPLETE,ORIGINATION_LOS
LN-1790,BW-1290,James Scott,JUMBO,2022-06-25,2052-06-25,519000,505525,6.33,360,CO,PURCHASE,B,5 years,$100k-$150k,CURRENT,0,PennyMac Loan Services,2024-08-01,2024-08-15,COMPLETE,ORIGINATION_LOS
LN-1791,BW-1291,Lisa Clark,JUMBO,2021-12-11,2051-12-11,596000,579519,7.21,360,MD,PURCHASE,B,2 years,$150k+,CURRENT,0,Chase Home Lending,2024-08-01,2024-08-15,COMPLETE,ORIGINATION_LOS
LN-1792,BW-1292,Emily Anderson,USDA,2023-11-10,2053-11-10,591000,585748,6.15,360,NC,PURCHASE,A,9 years,$150k+,CURRENT,0,Chase Home Lending,2024-08-01,2024-08-15,COMPLETE,ORIGINATION_LOS
LN-1793,BW-1293,Donna Clark,FHA,2021-05-27,2051-05-27,216000,205016,4.99,360,TN,PURCHASE,C,12 years,$100k-$150k,CURRENT,0,Rocket Mortgage Servicing,2024-08-01,2024-08-15,COMPLETE,ORIGINATION_LOS
LN-1794,BW-1294,Richard Allen,FHA,2023-10-27,2053-10-27,555000,548718,5.43,360,OK,PURCHASE,C,4 years,$50k-$75k,CURRENT,0,Rocket Mortgage Servicing,2024-08-01,2024-08-15,COMPLETE,ORIGINATION_LOS
LN-1795,BW-1295,Daniel Thompson,USDA,2021-09-09,2051-09-09,437000,416646,4.82,360,MA,PURCHASE,B,8 years,$100k-$150k,CURRENT,0,Wells Fargo Servicing,2024-08-01,2024-08-15,COMPLETE,ORIGINATION_LOS
LN-1796,BW-1296,Andrew Thomas,CONVENTIONAL,2021-07-23,2051-07-23,421000,400534,4.92,360,MN,PURCHASE,D,12 years,$50k-$75k,CURRENT,0,Chase Home Lending,2024-08-01,2024-08-15,COMPLETE,ORIGINATION_LOS
LN-1797,BW-1297,Sarah Gonzalez,FHA,2022-07-05,2052-07-05,580000,566360,6.64,360,NJ,PURCHASE,D,5 years,$50k-$75k,CURRENT,0,PennyMac Loan Services,2024-08-01,2024-08-15,COMPLETE,ORIGINATION_LOS
LN-1798,BW-1298,Ashley Torres,USDA,2022-01-06,2052-01-06,646000,630230,7.69,360,CA,PURCHASE,C,2 years,$50k-$75k,CURRENT,0,Freedom Mortgage,2024-08-01,2024-08-15,COMPLETE,ORIGINATION_LOS
LN-1799,BW-1299,Christopher Harris,CONVENTIONAL,2022-03-05,2052-03-05,404000,394834,7.69,360,NV,PURCHASE,B,7 years,$75k-$100k,CURRENT,0,PennyMac Loan Services,2024-08-01,2024-08-15,COMPLETE,ORIGINATION_LOS
LN-1800,BW-1300,Thomas Robinson,JUMBO,2023-10-20,2053-10-20,548000,542767,6.34,360,NJ,PURCHASE,B,9 years,$50k-$75k,CURRENT,0,Chase Home Lending,2024-08-01,2024-08-15,COMPLETE,ORIGINATION_LOS
LN-1801,BW-1301,Donald Perez,JUMBO,2021-09-15,2051-09-15,583000,562271,6.37,360,LA,PURCHASE,B,2 years,$75k-$100k,CURRENT,0,Chase Home Lending,2024-08-01,2024-08-15,COMPLETE,ORIGINATION_LOS
LN-1802,BW-1302,Barbara Nguyen,CONVENTIONAL,2022-11-20,2052-11-20,435000,426016,6.34,360,LA,PURCHASE,D,12 years,$150k+,CURRENT,0,Chase Home Lending,2024-08-01,2024-08-15,COMPLETE,ORIGINATION_LOS
LN-1803,BW-1303,Mark Hernandez,JUMBO,2022-11-03,2052-11-03,565000,549138,4.63,360,IN,PURCHASE,B,6 years,$75k-$100k,CURRENT,0,Chase Home Lending,2024-08-01,2024-08-15,COMPLETE,ORIGINATION_LOS
LN-1804,BW-1304,Emily Martinez,FHA,2021-06-16,2051-06-16,493000,475833,6.99,360,AL,PURCHASE,C,6 years,$50k-$75k,CURRENT,0,PennyMac Loan Services,2024-08-01,2024-08-15,COMPLETE,ORIGINATION_LOS
LN-1805,BW-1305,Joshua Jones,JUMBO,2023-01-06,2053-01-06,194000,189134,4.68,360,NC,PURCHASE,C,8 years,$75k-$100k,CURRENT,0,PennyMac Loan Services,2024-08-01,2024-08-15,COMPLETE,ORIGINATION_LOS
LN-1806,BW-1306,Sarah Rodriguez,FHA,2022-01-28,2052-01-28,157000,151857,6.09,360,NY,PURCHASE,C,4 years,$75k-$100k,CURRENT,0,Nationstar Mortgage,2024-08-01,2024-08-15,COMPLETE,ORIGINATION_LOS
LN-1807,BW-1307,Lisa Hill,CONVENTIONAL,2022-04-17,2052-04-17,233000,225264,5.4,360,WI,PURCHASE,C,7 years,$75k-$100k,CURRENT,0,Rocket Mortgage Servicing,2024-08-01,2024-08-15,COMPLETE,ORIGINATION_LOS
LN-1808,BW-1308,Susan Scott,VA,2023-12-25,2053-12-25,387000,383314,5.13,360,IL,PURCHASE,D,8 years,$50k-$75k,CURRENT,0,Chase Home Lending,2024-08-01,2024-08-15,COMPLETE,ORIGINATION_LOS
LN-1809,BW-1309,Donald Martinez,VA,2021-06-07,2051-06-07,644000,616723,5.89,360,TN,PURCHASE,D,8 years,$150k+,CURRENT,0,PennyMac Loan Services,2024-08-01,2024-08-15,COMPLETE,ORIGINATION_LOS
LN-1810,BW-1310,William Moore,FHA,2023-07-23,2053-07-23,579000,572695,7.07,360,MA,PURCHASE,A,10 years,$150k+,CURRENT,0,Freedom Mortgage,2024-08-01,2024-08-15,COMPLETE,ORIGINATION_LOS
LN-1811,BW-1311,Ashley Jones,FHA,2022-12-28,2052-12-28,185000,181351,6.31,360,UT,PURCHASE,A,4 years,$75k-$100k,CURRENT,0,PennyMac Loan Services,2024-08-01,2024-08-15,COMPLETE,ORIGINATION_LOS
LN-1812,BW-1312,John Smith,JUMBO,2021-11-08,2051-11-08,245000,236624,6.23,360,AZ,PURCHASE,C,3 years,$100k-$150k,CURRENT,0,Rocket Mortgage Servicing,2024-08-01,2024-08-15,COMPLETE,ORIGINATION_LOS
LN-1813,BW-1313,Elizabeth Harris,USDA,2022-07-10,2052-07-10,300000,293705,7.25,360,NY,PURCHASE,B,10 years,$100k-$150k,CURRENT,0,Rocket Mortgage Servicing,2024-08-01,2024-08-15,COMPLETE,ORIGINATION_LOS
LN-1814,BW-1314,William Davis,USDA,2021-05-01,2051-05-01,513000,489450,5.59,360,VA,PURCHASE,B,6 years,$75k-$100k,CURRENT,0,PennyMac Loan Services,2024-08-01,2024-08-15,COMPLETE,ORIGINATION_LOS
LN-1815,BW-1315,Joseph Wright,USDA,2022-07-22,2052-07-22,180000,176158,7.16,360,AL,PURCHASE,C,8 years,$100k-$150k,CURRENT,0,PennyMac Loan Services,2024-08-01,2024-08-15,COMPLETE,ORIGINATION_LOS
LN-1816,BW-1316,Daniel Martinez,FHA,2022-10-16,2052-10-16,159000,155538,6.32,360,CA,PURCHASE,A,10 years,$150k+,CURRENT,0,Chase Home Lending,2024-08-01,2024-08-15,COMPLETE,ORIGINATION_LOS
LN-1817,BW-1317,Andrew Williams,VA,2021-10-14,2051-10-14,313000,300513,5.54,360,NC,PURCHASE,A,4 years,$100k-$150k,CURRENT,0,Freedom Mortgage,2024-08-01,2024-08-15,COMPLETE,ORIGINATION_LOS
LN-1818,BW-1318,Jennifer Thomas,FHA,2022-12-22,2052-12-22,174000,171029,7.08,360,FL,PURCHASE,D,12 years,$75k-$100k,CURRENT,0,Freedom Mortgage,2024-08-01,2024-08-15,COMPLETE,ORIGINATION_LOS
LN-1819,BW-1319,Michelle Williams,CONVENTIONAL,2021-02-12,2051-02-12,628000,596460,5.54,360,WI,PURCHASE,C,9 years,$50k-$75k,CURRENT,0,Chase Home Lending,2024-08-01,2024-08-15,COMPLETE,ORIGINATION_LOS
LN-1820,BW-1320,Daniel Anderson,USDA,2022-08-13,2052-08-13,176000,170330,4.64,360,MO,PURCHASE,D,3 years,$75k-$100k,CURRENT,0,PennyMac Loan Services,2024-08-01,2024-08-15,COMPLETE,ORIGINATION_LOS
LN-1821,BW-1321,Sandra Walker,JUMBO,2022-12-18,2052-12-18,499000,489302,6.39,360,LA,PURCHASE,D,6 years,$150k+,CURRENT,0,Freedom Mortgage,2024-08-01,2024-08-15,COMPLETE,ORIGINATION_LOS
LN-1822,BW-1322,Jessica Scott,USDA,2023-12-24,2053-12-24,597000,592910,6.88,360,NJ,PURCHASE,D,12 years,$75k-$100k,CURRENT,0,Nationstar Mortgage,2024-08-01,2024-08-15,COMPLETE,ORIGINATION_LOS
LN-1823,BW-1323,Donna Allen,VA,2022-02-19,2052-02-19,453000,435585,4.98,360,WI,PURCHASE,C,4 years,$100k-$150k,CURRENT,0,Wells Fargo Servicing,2024-08-01,2024-08-15,COMPLETE,ORIGINATION_LOS
LN-1824,BW-1324,Kimberly Harris,FHA,2021-04-26,2051-04-26,384000,366882,5.92,360,TN,PURCHASE,C,6 years,$75k-$100k,CURRENT,0,PennyMac Loan Services,2024-08-01,2024-08-15,COMPLETE,ORIGINATION_LOS
LN-1825,BW-1325,Thomas Martin,FHA,2022-06-19,2052-06-19,272000,263292,5.16,360,TX,PURCHASE,A,12 years,$75k-$100k,CURRENT,0,Chase Home Lending,2024-08-01,2024-08-15,COMPLETE,ORIGINATION_LOS
LN-1826,BW-1326,Steven Sanchez,USDA,2021-09-28,2051-09-28,165000,157859,5.25,360,CO,PURCHASE,A,12 years,$50k-$75k,CURRENT,0,Nationstar Mortgage,2024-08-01,2024-08-15,COMPLETE,ORIGINATION_LOS
LN-1827,BW-1327,Betty Robinson,VA,2022-06-28,2052-06-28,487000,471134,5.06,360,NJ,PURCHASE,A,12 years,$75k-$100k,CURRENT,0,Chase Home Lending,2024-08-01,2024-08-15,COMPLETE,ORIGINATION_LOS
LN-1828,BW-1328,Michael Moore,FHA,2021-02-02,2051-02-02,621000,595659,6.73,360,TN,PURCHASE,D,9 years,$50k-$75k,CURRENT,0,Rocket Mortgage Servicing,2024-08-01,2024-08-15,COMPLETE,ORIGINATION_LOS
LN-1829,BW-1329,Kimberly Martinez,USDA,2023-01-28,2053-01-28,182000,177859,5.23,360,NV,PURCHASE,B,11 years,$150k+,CURRENT,0,Wells Fargo Servicing,2024-08-01,2024-08-15,COMPLETE,ORIGINATION_LOS
LN-1830,BW-1330,Richard Lopez,FHA,2023-07-25,2053-07-25,602000,592253,4.94,360,OR,PURCHASE,A,9 years,$150k+,CURRENT,0,Rocket Mortgage Servicing,2024-08-01,2024-08-15,COMPLETE,ORIGINATION_LOS
LN-1831,BW-1331,Thomas Thompson,JUMBO,2023-11-28,2053-11-28,527000,522855,6.79,360,KY,PURCHASE,C,11 years,$50k-$75k,CURRENT,0,Nationstar Mortgage,2024-08-01,2024-08-15,COMPLETE,ORIGINATION_LOS
LN-1832,BW-1332,Linda Gonzalez,VA,2022-07-28,2052-07-28,616000,599205,5.83,360,NV,PURCHASE,D,6 years,$100k-$150k,CURRENT,0,Nationstar Mortgage,2024-08-01,2024-08-15,COMPLETE,ORIGINATION_LOS
LN-1833,BW-1333,Thomas Taylor,FHA,2021-12-22,2051-12-22,596000,580002,7.37,360,WI,PURCHASE,C,7 years,$150k+,CURRENT,0,Chase Home Lending,2024-08-01,2024-08-15,COMPLETE,ORIGINATION_LOS
LN-1834,BW-1334,Robert Martin,CONVENTIONAL,2023-08-16,2053-08-16,507000,502435,7.62,360,OK,PURCHASE,B,12 years,$100k-$150k,CURRENT,0,PennyMac Loan Services,2024-08-01,2024-08-15,COMPLETE,ORIGINATION_LOS
LN-1835,BW-1335,Michelle Thompson,FHA,2021-05-07,2051-05-07,243000,235477,7.79,360,MN,PURCHASE,A,7 years,$75k-$100k,CURRENT,0,Rocket Mortgage Servicing,2024-08-01,2024-08-15,COMPLETE,ORIGINATION_LOS
LN-1836,BW-1336,Lisa Jones,CONVENTIONAL,2021-04-20,2051-04-20,563000,540053,6.43,360,WI,PURCHASE,D,9 years,$150k+,CURRENT,0,PennyMac Loan Services,2024-08-01,2024-08-15,COMPLETE,ORIGINATION_LOS
LN-1837,BW-1337,Patricia Scott,FHA,2023-08-10,2053-08-10,340000,334707,4.7,360,TN,PURCHASE,D,3 years,$75k-$100k,CURRENT,0,Rocket Mortgage Servicing,2024-08-01,2024-08-15,COMPLETE,ORIGINATION_LOS
LN-1838,BW-1338,Andrew Williams,CONVENTIONAL,2021-10-13,2051-10-13,243000,231612,4.6,360,CA,PURCHASE,A,11 years,$50k-$75k,CURRENT,0,Chase Home Lending,2024-08-01,2024-08-15,COMPLETE,ORIGINATION_LOS
LN-1839,BW-1339,Ashley Lopez,VA,2023-08-12,2053-08-12,481000,475725,6.6,360,TN,PURCHASE,B,6 years,$150k+,CURRENT,0,Nationstar Mortgage,2024-08-01,2024-08-15,COMPLETE,ORIGINATION_LOS
LN-1840,BW-1340,Sandra Torres,VA,2022-11-28,2052-11-28,450000,440340,6.13,360,MD,PURCHASE,B,11 years,$150k+,CURRENT,0,Nationstar Mortgage,2024-08-01,2024-08-15,COMPLETE,ORIGINATION_LOS
LN-1841,BW-1341,Steven Gonzalez,VA,2021-07-19,2051-07-19,539000,515023,5.44,360,MA,PURCHASE,A,5 years,$50k-$75k,CURRENT,0,Rocket Mortgage Servicing,2024-08-01,2024-08-15,COMPLETE,ORIGINATION_LOS
LN-1842,BW-1342,Donald Martin,VA,2021-06-07,2051-06-07,519000,502354,7.44,360,LA,PURCHASE,D,9 years,$50k-$75k,CURRENT,0,Rocket Mortgage Servicing,2024-08-01,2024-08-15,COMPLETE,ORIGINATION_LOS
LN-1843,BW-1343,Andrew Hernandez,VA,2021-12-09,2051-12-09,387000,374158,6.21,360,TN,PURCHASE,D,4 years,$75k-$100k,CURRENT,0,Chase Home Lending,2024-08-01,2024-08-15,COMPLETE,ORIGINATION_LOS
LN-1844,BW-1344,John Thompson,FHA,2023-11-08,2053-11-08,644000,637945,5.85,360,TX,PURCHASE,D,2 years,$75k-$100k,CURRENT,0,Rocket Mortgage Servicing,2024-08-01,2024-08-15,COMPLETE,ORIGINATION_LOS
LN-1845,BW-1345,Mary Ramirez,USDA,2022-01-24,2052-01-24,172000,167864,7.77,360,CT,PURCHASE,C,7 years,$100k-$150k,CURRENT,0,PennyMac Loan Services,2024-08-01,2024-08-15,COMPLETE,ORIGINATION_LOS
LN-1846,BW-1346,Joseph Jones,VA,2021-03-11,2051-03-11,368000,355212,7.47,360,TX,PURCHASE,B,8 years,$75k-$100k,CURRENT,0,Nationstar Mortgage,2024-08-01,2024-08-15,COMPLETE,ORIGINATION_LOS
LN-1847,BW-1347,Michelle Jones,USDA,2023-12-10,2053-12-10,344000,341662,6.92,360,MI,PURCHASE,A,7 years,$150k+,CURRENT,0,PennyMac Loan Services,2024-08-01,2024-08-15,COMPLETE,ORIGINATION_LOS
LN-1848,BW-1348,Joseph Jackson,CONVENTIONAL,2021-06-05,2051-06-05,610000,591109,7.63,360,CA,PURCHASE,A,8 years,$100k-$150k,CURRENT,0,Freedom Mortgage,2024-08-01,2024-08-15,COMPLETE,ORIGINATION_LOS
LN-1849,BW-1349,Linda Nguyen,CONVENTIONAL,2021-09-10,2051-09-10,384000,365871,4.74,360,NV,PURCHASE,C,11 years,$75k-$100k,CURRENT,0,PennyMac Loan Services,2024-08-01,2024-08-15,COMPLETE,ORIGINATION_LOS
LN-1850,BW-1350,Nancy Martinez,USDA,2022-05-24,2052-05-24,417000,405540,6.24,360,GA,PURCHASE,A,2 years,$100k-$150k,CURRENT,0,Chase Home Lending,2024-08-01,2024-08-15,COMPLETE,ORIGINATION_LOS
LN-1851,BW-1351,Mark Martin,FHA,2021-07-22,2051-07-22,644000,621469,6.8,360,UT,PURCHASE,C,3 years,$150k+,CURRENT,0,Chase Home Lending,2024-08-01,2024-08-15,COMPLETE,ORIGINATION_LOS
LN-1852,BW-1352,James Harris,FHA,2021-11-06,2051-11-06,572000,550478,5.69,360,MA,PURCHASE,A,6 years,$75k-$100k,CURRENT,0,PennyMac Loan Services,2024-08-01,2024-08-15,COMPLETE,ORIGINATION_LOS
LN-1853,BW-1353,Andrew King,JUMBO,2022-12-09,2052-12-09,251000,246665,7.02,360,LA,PURCHASE,A,6 years,$150k+,CURRENT,0,Rocket Mortgage Servicing,2024-08-01,2024-08-15,COMPLETE,ORIGINATION_LOS
LN-1854,BW-1354,Paul Ramirez,USDA,2022-02-02,2052-02-02,192000,187163,7.33,360,LA,PURCHASE,B,3 years,$75k-$100k,CURRENT,0,Chase Home Lending,2024-08-01,2024-08-15,COMPLETE,ORIGINATION_LOS
LN-1855,BW-1355,Thomas Hernandez,CONVENTIONAL,2021-05-18,2051-05-18,455000,435343,5.94,360,MA,PURCHASE,B,7 years,$50k-$75k,CURRENT,0,Nationstar Mortgage,2024-08-01,2024-08-15,COMPLETE,ORIGINATION_LOS
LN-1856,BW-1356,Ashley Smith,JUMBO,2021-08-11,2051-08-11,497000,478578,6.31,360,CO,PURCHASE,D,4 years,$75k-$100k,CURRENT,0,Freedom Mortgage,2024-08-01,2024-08-15,COMPLETE,ORIGINATION_LOS
LN-1857,BW-1357,Michael Garcia,JUMBO,2022-10-19,2052-10-19,207000,201412,5.13,360,IL,PURCHASE,C,5 years,$50k-$75k,CURRENT,0,Wells Fargo Servicing,2024-08-01,2024-08-15,COMPLETE,ORIGINATION_LOS
LN-1858,BW-1358,Linda Clark,VA,2021-07-25,2051-07-25,350000,337733,6.79,360,PA,PURCHASE,B,7 years,$100k-$150k,CURRENT,0,Nationstar Mortgage,2024-08-01,2024-08-15,COMPLETE,ORIGINATION_LOS
LN-1859,BW-1359,Thomas Perez,FHA,2023-11-26,2053-11-26,416000,413218,7.62,360,IN,PURCHASE,C,11 years,$50k-$75k,CURRENT,0,Rocket Mortgage Servicing,2024-08-01,2024-08-15,COMPLETE,ORIGINATION_LOS
LN-1860,BW-1360,Andrew Wright,CONVENTIONAL,2022-08-26,2052-08-26,359000,352407,7.72,360,MI,PURCHASE,A,12 years,$50k-$75k,CURRENT,0,Chase Home Lending,2024-08-01,2024-08-15,COMPLETE,ORIGINATION_LOS
LN-1861,BW-1361,Mark Smith,CONVENTIONAL,2021-06-22,2051-06-22,525000,501288,5.52,360,CO,PURCHASE,A,3 years,$75k-$100k,CURRENT,0,Nationstar Mortgage,2024-08-01,2024-08-15,COMPLETE,ORIGINATION_LOS
LN-1862,BW-1362,Susan Lopez,JUMBO,2023-08-05,2053-08-05,326000,323184,7.83,360,AL,PURCHASE,D,9 years,$100k-$150k,CURRENT,0,Wells Fargo Servicing,2024-08-01,2024-08-15,COMPLETE,ORIGINATION_LOS
LN-1863,BW-1363,Donald Jones,CONVENTIONAL,2021-07-24,2051-07-24,522000,505840,7.47,360,MA,PURCHASE,A,3 years,$75k-$100k,CURRENT,0,Nationstar Mortgage,2024-08-01,2024-08-15,COMPLETE,ORIGINATION_LOS
LN-1864,BW-1364,Mary Miller,FHA,2023-11-23,2053-11-23,637000,632815,7.71,360,CA,PURCHASE,C,8 years,$75k-$100k,CURRENT,0,Freedom Mortgage,2024-08-01,2024-08-15,COMPLETE,ORIGINATION_LOS
LN-1865,BW-1365,John Martinez,FHA,2022-02-01,2052-02-01,457000,443410,6.43,360,AZ,PURCHASE,C,6 years,$75k-$100k,CURRENT,0,Rocket Mortgage Servicing,2024-08-01,2024-08-15,COMPLETE,ORIGINATION_LOS
LN-1866,BW-1366,Kimberly Hill,CONVENTIONAL,2023-06-07,2053-06-07,151000,149179,6.94,360,WI,PURCHASE,B,7 years,$75k-$100k,CURRENT,0,Chase Home Lending,2024-08-01,2024-08-15,COMPLETE,ORIGINATION_LOS
LN-1867,BW-1367,Margaret Johnson,VA,2022-08-06,2052-08-06,198000,191665,4.68,360,AZ,PURCHASE,B,8 years,$50k-$75k,CURRENT,0,PennyMac Loan Services,2024-08-01,2024-08-15,COMPLETE,ORIGINATION_LOS
LN-1868,BW-1368,Andrew White,JUMBO,2022-05-13,2052-05-13,489000,474582,5.85,360,IN,PURCHASE,B,6 years,$150k+,CURRENT,0,Nationstar Mortgage,2024-08-01,2024-08-15,COMPLETE,ORIGINATION_LOS
LN-1869,BW-1369,Andrew Flores,FHA,2022-12-06,2052-12-06,608000,593868,5.41,360,UT,PURCHASE,B,2 years,$50k-$75k,CURRENT,0,Wells Fargo Servicing,2024-08-01,2024-08-15,COMPLETE,ORIGINATION_LOS
LN-1870,BW-1370,Richard Flores,VA,2022-07-27,2052-07-27,558000,547084,7.62,360,OH,PURCHASE,D,5 years,$150k+,CURRENT,0,Chase Home Lending,2024-08-01,2024-08-15,COMPLETE,ORIGINATION_LOS
LN-1871,BW-1371,Michelle Rodriguez,CONVENTIONAL,2022-03-19,2052-03-19,288000,281589,7.79,360,MO,PURCHASE,A,4 years,$50k-$75k,CURRENT,0,Wells Fargo Servicing,2024-08-01,2024-08-15,COMPLETE,ORIGINATION_LOS
LN-1872,BW-1372,Daniel Hernandez,CONVENTIONAL,2022-05-05,2052-05-05,346000,334811,5.33,360,LA,PURCHASE,D,9 years,$150k+,CURRENT,0,Nationstar Mortgage,2024-08-01,2024-08-15,COMPLETE,ORIGINATION_LOS
LN-1873,BW-1373,Susan Martinez,USDA,2021-03-12,2051-03-12,469000,445626,5.43,360,OR,PURCHASE,A,12 years,$100k-$150k,CURRENT,0,Freedom Mortgage,2024-08-01,2024-08-15,COMPLETE,ORIGINATION_LOS
LN-1874,BW-1374,John Hernandez,CONVENTIONAL,2022-11-06,2052-11-06,156000,152204,5.44,360,AL,PURCHASE,D,12 years,$100k-$150k,CURRENT,0,Chase Home Lending,2024-08-01,2024-08-15,COMPLETE,ORIGINATION_LOS
LN-1875,BW-1375,Sarah Robinson,JUMBO,2023-10-12,2053-10-12,563000,558344,7.09,360,FL,PURCHASE,C,6 years,$75k-$100k,CURRENT,0,Nationstar Mortgage,2024-08-01,2024-08-15,COMPLETE,ORIGINATION_LOS
LN-1876,BW-1376,Elizabeth Anderson,FHA,2022-09-23,2052-09-23,212000,207405,6.6,360,AZ,PURCHASE,A,6 years,$75k-$100k,CURRENT,0,Freedom Mortgage,2024-08-01,2024-08-15,COMPLETE,ORIGINATION_LOS
LN-1877,BW-1377,Matthew Sanchez,JUMBO,2023-03-25,2053-03-25,439000,432515,6.94,360,PA,PURCHASE,B,4 years,$75k-$100k,CURRENT,0,Wells Fargo Servicing,2024-08-01,2024-08-15,COMPLETE,ORIGINATION_LOS
LN-1878,BW-1378,Richard Johnson,FHA,2021-09-09,2051-09-09,155000,149400,6.28,360,TN,PURCHASE,D,7 years,$75k-$100k,CURRENT,0,Rocket Mortgage Servicing,2024-08-01,2024-08-15,COMPLETE,ORIGINATION_LOS
LN-1879,BW-1379,Steven Robinson,FHA,2023-09-27,2053-09-27,458000,453698,6.94,360,MN,PURCHASE,A,11 years,$50k-$75k,CURRENT,0,Nationstar Mortgage,2024-08-01,2024-08-15,COMPLETE,ORIGINATION_LOS
LN-1880,BW-1380,Sandra Rodriguez,VA,2021-02-21,2051-02-21,307000,290966,5.31,360,SC,PURCHASE,A,9 years,$150k+,CURRENT,0,Freedom Mortgage,2024-08-01,2024-08-15,COMPLETE,ORIGINATION_LOS
LN-1881,BW-1381,Elizabeth Jackson,FHA,2023-12-22,2053-12-22,293000,290053,4.83,360,AZ,PURCHASE,C,8 years,$100k-$150k,CURRENT,0,Nationstar Mortgage,2024-08-01,2024-08-15,COMPLETE,ORIGINATION_LOS
LN-1882,BW-1382,Susan Jones,CONVENTIONAL,2023-10-07,2053-10-07,478000,474365,7.52,360,FL,PURCHASE,A,10 years,$150k+,CURRENT,0,PennyMac Loan Services,2024-08-01,2024-08-15,COMPLETE,ORIGINATION_LOS
LN-1883,BW-1383,Robert Harris,FHA,2022-02-19,2052-02-19,582000,566322,6.97,360,SC,PURCHASE,D,11 years,$75k-$100k,CURRENT,0,Wells Fargo Servicing,2024-08-01,2024-08-15,COMPLETE,ORIGINATION_LOS
LN-1884,BW-1384,Richard Martin,FHA,2021-05-07,2051-05-07,422000,406736,6.94,360,TN,PURCHASE,C,5 years,$75k-$100k,CURRENT,0,Freedom Mortgage,2024-08-01,2024-08-15,COMPLETE,ORIGINATION_LOS
LN-1885,BW-1385,Daniel Martinez,CONVENTIONAL,2023-04-15,2053-04-15,362000,355034,5.17,360,AZ,PURCHASE,D,8 years,$100k-$150k,CURRENT,0,PennyMac Loan Services,2024-08-01,2024-08-15,COMPLETE,ORIGINATION_LOS
LN-1886,BW-1386,Michael Walker,CONVENTIONAL,2021-10-09,2051-10-09,579000,557430,5.93,360,LA,PURCHASE,A,4 years,$50k-$75k,CURRENT,0,Freedom Mortgage,2024-08-01,2024-08-15,COMPLETE,ORIGINATION_LOS
LN-1887,BW-1387,Betty Harris,USDA,2022-12-06,2052-12-06,207000,203732,7.49,360,LA,PURCHASE,C,10 years,$50k-$75k,CURRENT,0,Freedom Mortgage,2024-08-01,2024-08-15,COMPLETE,ORIGINATION_LOS
LN-1888,BW-1388,Donna Taylor,VA,2023-08-14,2053-08-14,180000,177903,6.28,360,IL,PURCHASE,B,3 years,$50k-$75k,CURRENT,0,Wells Fargo Servicing,2024-08-01,2024-08-15,COMPLETE,ORIGINATION_LOS
LN-1889,BW-1389,Nancy Perez,FHA,2023-06-25,2053-06-25,423000,418708,7.83,360,WA,PURCHASE,C,7 years,$50k-$75k,CURRENT,0,PennyMac Loan Services,2024-08-01,2024-08-15,COMPLETE,ORIGINATION_LOS
LN-1890,BW-1390,Jessica Rodriguez,VA,2021-12-04,2051-12-04,506000,489299,6.24,360,CA,PURCHASE,D,12 years,$75k-$100k,CURRENT,0,Wells Fargo Servicing,2024-08-01,2024-08-15,COMPLETE,ORIGINATION_LOS
LN-1891,BW-1391,Patricia Torres,JUMBO,2022-04-10,2052-04-10,195000,189617,6.43,360,WI,PURCHASE,B,10 years,$100k-$150k,CURRENT,0,Nationstar Mortgage,2024-08-01,2024-08-15,COMPLETE,ORIGINATION_LOS
LN-1892,BW-1392,Richard Lee,JUMBO,2023-07-04,2053-07-04,576000,569824,7.15,360,PA,PURCHASE,C,5 years,$75k-$100k,CURRENT,0,Nationstar Mortgage,2024-08-01,2024-08-15,COMPLETE,ORIGINATION_LOS
LN-1893,BW-1393,Thomas Allen,FHA,2021-09-15,2051-09-15,352000,334957,4.59,360,MI,PURCHASE,B,12 years,$100k-$150k,CURRENT,0,Chase Home Lending,2024-08-01,2024-08-15,COMPLETE,ORIGINATION_LOS
LN-1894,BW-1394,Donna Miller,CONVENTIONAL,2021-01-23,2051-01-23,470000,447305,5.92,360,IN,PURCHASE,A,5 years,$50k-$75k,CURRENT,0,Chase Home Lending,2024-08-01,2024-08-15,COMPLETE,ORIGINATION_LOS
LN-1895,BW-1395,Betty Nguyen,JUMBO,2021-05-24,2051-05-24,569000,542969,5.61,360,GA,PURCHASE,D,6 years,$100k-$150k,CURRENT,0,Chase Home Lending,2024-08-01,2024-08-15,COMPLETE,ORIGINATION_LOS
LN-1896,BW-1396,Robert Williams,USDA,2022-09-23,2052-09-23,508000,493707,5.16,360,MD,PURCHASE,A,9 years,$50k-$75k,CURRENT,0,Rocket Mortgage Servicing,2024-08-01,2024-08-15,COMPLETE,ORIGINATION_LOS
LN-1897,BW-1397,Jennifer Smith,USDA,2023-09-07,2053-09-07,554000,545910,4.56,360,CA,PURCHASE,D,6 years,$50k-$75k,CURRENT,0,PennyMac Loan Services,2024-08-01,2024-08-15,COMPLETE,ORIGINATION_LOS
LN-1898,BW-1398,Sarah Johnson,FHA,2023-08-23,2053-08-23,581000,574518,6.51,360,CA,PURCHASE,D,6 years,$75k-$100k,CURRENT,0,Wells Fargo Servicing,2024-08-01,2024-08-15,COMPLETE,ORIGINATION_LOS
LN-1899,BW-1399,Steven Clark,CONVENTIONAL,2021-09-27,2051-09-27,289000,277472,5.72,360,NC,PURCHASE,D,3 years,$150k+,CURRENT,0,Chase Home Lending,2024-08-01,2024-08-15,COMPLETE,ORIGINATION_LOS
LN-1900,BW-1400,Matthew Young,FHA,2022-10-26,2052-10-26,368000,357745,4.95,360,WI,PURCHASE,A,10 years,$50k-$75k,CURRENT,0,Chase Home Lending,2024-08-01,2024-08-15,COMPLETE,ORIGINATION_LOS
LN-1901,BW-1401,Matthew Hernandez,USDA,2021-07-04,2051-07-04,301000,288088,5.65,360,NC,PURCHASE,C,6 years,$150k+,CURRENT,0,Freedom Mortgage,2024-08-01,2024-08-15,COMPLETE,ORIGINATION_LOS
LN-1902,BW-1402,David Thomas,FHA,2022-12-11,2052-12-11,424000,414579,5.66,360,OK,PURCHASE,D,9 years,$100k-$150k,CURRENT,0,Wells Fargo Servicing,2024-08-01,2024-08-15,COMPLETE,ORIGINATION_LOS
LN-1903,BW-1403,Robert Nguyen,VA,2022-04-10,2052-04-10,497000,482434,6.1,360,PA,PURCHASE,C,9 years,$50k-$75k,CURRENT,0,Rocket Mortgage Servicing,2024-08-01,2024-08-15,COMPLETE,ORIGINATION_LOS
LN-1904,BW-1404,Donna Hill,FHA,2022-10-25,2052-10-25,213000,209438,7.72,360,MI,PURCHASE,A,3 years,$50k-$75k,CURRENT,0,Nationstar Mortgage,2024-08-01,2024-08-15,COMPLETE,ORIGINATION_LOS
LN-1905,BW-1405,Elizabeth Harris,VA,2021-03-17,2051-03-17,301000,286971,5.82,360,OR,PURCHASE,C,2 years,$50k-$75k,CURRENT,0,Rocket Mortgage Servicing,2024-08-01,2024-08-15,COMPLETE,ORIGINATION_LOS
LN-1906,BW-1406,Jennifer Scott,CONVENTIONAL,2023-03-09,2053-03-09,201000,197644,6.29,360,OH,PURCHASE,B,8 years,$50k-$75k,CURRENT,0,Rocket Mortgage Servicing,2024-08-01,2024-08-15,COMPLETE,ORIGINATION_LOS
LN-1907,BW-1407,Robert Miller,CONVENTIONAL,2021-07-27,2051-07-27,262000,248716,4.67,360,MA,PURCHASE,D,12 years,$100k-$150k,CURRENT,0,Wells Fargo Servicing,2024-08-01,2024-08-15,COMPLETE,ORIGINATION_LOS
LN-1908,BW-1408,Betty Johnson,JUMBO,2022-03-27,2052-03-27,536000,518354,5.66,360,PA,PURCHASE,C,9 years,$50k-$75k,CURRENT,0,Rocket Mortgage Servicing,2024-08-01,2024-08-15,COMPLETE,ORIGINATION_LOS
LN-1909,BW-1409,Barbara White,CONVENTIONAL,2022-04-25,2052-04-25,486000,474363,7.2,360,SC,PURCHASE,D,2 years,$50k-$75k,CURRENT,0,Freedom Mortgage,2024-08-01,2024-08-15,COMPLETE,ORIGINATION_LOS
LN-1910,BW-1410,Betty Hill,VA,2023-09-20,2053-09-20,346000,341899,5.71,360,KY,PURCHASE,A,12 years,$75k-$100k,CURRENT,0,PennyMac Loan Services,2024-08-01,2024-08-15,COMPLETE,ORIGINATION_LOS
LN-1911,BW-1411,Barbara Miller,USDA,2023-08-06,2053-08-06,275000,271296,5.5,360,AL,PURCHASE,A,2 years,$50k-$75k,CURRENT,0,PennyMac Loan Services,2024-08-01,2024-08-15,COMPLETE,ORIGINATION_LOS
LN-1912,BW-1412,Christopher Scott,VA,2023-05-19,2053-05-19,558000,549497,6.08,360,WA,PURCHASE,B,6 years,$100k-$150k,CURRENT,0,Nationstar Mortgage,2024-08-01,2024-08-15,COMPLETE,ORIGINATION_LOS
LN-1913,BW-1413,Richard White,USDA,2021-10-28,2051-10-28,576000,555692,6.24,360,VA,PURCHASE,A,3 years,$100k-$150k,CURRENT,0,PennyMac Loan Services,2024-08-01,2024-08-15,COMPLETE,ORIGINATION_LOS
LN-1914,BW-1414,Michelle Lopez,CONVENTIONAL,2021-05-25,2051-05-25,476000,458969,7,360,NJ,PURCHASE,C,5 years,$50k-$75k,CURRENT,0,Chase Home Lending,2024-08-01,2024-08-15,COMPLETE,ORIGINATION_LOS
LN-1915,BW-1415,Richard Smith,CONVENTIONAL,2022-03-28,2052-03-28,325000,315934,6.58,360,AL,PURCHASE,B,11 years,$150k+,CURRENT,0,Freedom Mortgage,2024-08-01,2024-08-15,COMPLETE,ORIGINATION_LOS
LN-1916,BW-1416,Michael Lee,VA,2022-07-10,2052-07-10,403000,391933,5.79,360,CT,PURCHASE,D,10 years,$75k-$100k,CURRENT,0,Nationstar Mortgage,2024-08-01,2024-08-15,COMPLETE,ORIGINATION_LOS
LN-1917,BW-1417,Patricia Moore,USDA,2022-06-26,2052-06-26,627000,608296,5.56,360,WI,PURCHASE,D,8 years,$100k-$150k,CURRENT,0,Freedom Mortgage,2024-08-01,2024-08-15,COMPLETE,ORIGINATION_LOS
LN-1918,BW-1418,William Lewis,USDA,2021-03-06,2051-03-06,592000,569435,6.96,360,IL,PURCHASE,C,12 years,$50k-$75k,CURRENT,0,PennyMac Loan Services,2024-08-01,2024-08-15,COMPLETE,ORIGINATION_LOS
LN-1919,BW-1419,Patricia Wilson,CONVENTIONAL,2022-12-15,2052-12-15,304000,299117,7.4,360,CT,PURCHASE,D,3 years,$150k+,CURRENT,0,Freedom Mortgage,2024-08-01,2024-08-15,COMPLETE,ORIGINATION_LOS
LN-1920,BW-1420,Betty Wright,CONVENTIONAL,2021-01-06,2051-01-06,459000,440738,7.02,360,TN,PURCHASE,A,10 years,$150k+,CURRENT,0,PennyMac Loan Services,2024-08-01,2024-08-15,COMPLETE,ORIGINATION_LOS
LN-1921,BW-1421,Mary Martin,VA,2021-08-26,2051-08-26,442000,424844,6.05,360,IL,PURCHASE,B,6 years,$150k+,CURRENT,0,Rocket Mortgage Servicing,2024-08-01,2024-08-15,COMPLETE,ORIGINATION_LOS
LN-1922,BW-1422,Barbara Lopez,VA,2022-02-22,2052-02-22,151000,144815,4.61,360,MA,PURCHASE,C,11 years,$150k+,CURRENT,0,PennyMac Loan Services,2024-08-01,2024-08-15,COMPLETE,ORIGINATION_LOS
LN-1923,BW-1423,Andrew Williams,USDA,2022-01-11,2052-01-11,349000,338497,6.56,360,MD,PURCHASE,A,6 years,$100k-$150k,CURRENT,0,Wells Fargo Servicing,2024-08-01,2024-08-15,COMPLETE,ORIGINATION_LOS
LN-1924,BW-1424,Ashley Brown,FHA,2021-05-03,2051-05-03,619000,599730,7.76,360,IN,PURCHASE,C,8 years,$50k-$75k,CURRENT,0,PennyMac Loan Services,2024-08-01,2024-08-15,COMPLETE,ORIGINATION_LOS
LN-1925,BW-1425,Susan Smith,FHA,2022-10-07,2052-10-07,415000,407939,7.63,360,AL,PURCHASE,D,12 years,$75k-$100k,CURRENT,0,Freedom Mortgage,2024-08-01,2024-08-15,COMPLETE,ORIGINATION_LOS
LN-1926,BW-1426,Betty Smith,JUMBO,2022-08-05,2052-08-05,389000,381856,7.72,360,WA,PURCHASE,B,8 years,$150k+,CURRENT,0,Nationstar Mortgage,2024-08-01,2024-08-15,COMPLETE,ORIGINATION_LOS
LN-1927,BW-1427,David Perez,VA,2023-10-28,2053-10-28,246000,243962,7.08,360,MI,PURCHASE,B,6 years,$50k-$75k,CURRENT,0,PennyMac Loan Services,2024-08-01,2024-08-15,COMPLETE,ORIGINATION_LOS
LN-1928,BW-1428,Karen Lopez,CONVENTIONAL,2022-02-13,2052-02-13,487000,474980,7.44,360,NC,PURCHASE,C,2 years,$100k-$150k,CURRENT,0,Rocket Mortgage Servicing,2024-08-01,2024-08-15,COMPLETE,ORIGINATION_LOS
LN-1929,BW-1429,Jennifer Perez,VA,2023-07-09,2053-07-09,498000,492123,6.65,360,IN,PURCHASE,B,10 years,$75k-$100k,CURRENT,0,Wells Fargo Servicing,2024-08-01,2024-08-15,COMPLETE,ORIGINATION_LOS
LN-1930,BW-1430,Kimberly King,VA,2021-04-18,2051-04-18,402000,386215,6.64,360,MA,PURCHASE,B,9 years,$100k-$150k,CURRENT,0,PennyMac Loan Services,2024-08-01,2024-08-15,COMPLETE,ORIGINATION_LOS
LN-1931,BW-1431,Betty White,USDA,2023-10-26,2053-10-26,416000,412659,7.24,360,MO,PURCHASE,D,11 years,$150k+,CURRENT,0,Rocket Mortgage Servicing,2024-08-01,2024-08-15,COMPLETE,ORIGINATION_LOS
LN-1932,BW-1432,William Allen,VA,2022-12-12,2052-12-12,385000,376035,5.4,360,MD,PURCHASE,B,7 years,$150k+,CURRENT,0,Rocket Mortgage Servicing,2024-08-01,2024-08-15,COMPLETE,ORIGINATION_LOS
LN-1933,BW-1433,Daniel Jackson,JUMBO,2023-05-22,2053-05-22,498000,489510,5.47,360,WI,PURCHASE,D,12 years,$150k+,CURRENT,0,PennyMac Loan Services,2024-08-01,2024-08-15,COMPLETE,ORIGINATION_LOS
LN-1934,BW-1434,Steven Sanchez,VA,2022-11-25,2052-11-25,571000,557743,5.7,360,MO,PURCHASE,D,7 years,$75k-$100k,CURRENT,0,Wells Fargo Servicing,2024-08-01,2024-08-15,COMPLETE,ORIGINATION_LOS
LN-1935,BW-1435,Jennifer Scott,USDA,2023-11-15,2053-11-15,158000,156288,5.08,360,WA,PURCHASE,B,12 years,$50k-$75k,CURRENT,0,Freedom Mortgage,2024-08-01,2024-08-15,COMPLETE,ORIGINATION_LOS
LN-1936,BW-1436,Sarah Nguyen,JUMBO,2022-04-10,2052-04-10,477000,460511,5.17,360,TN,PURCHASE,D,3 years,$150k+,CURRENT,0,Rocket Mortgage Servicing,2024-08-01,2024-08-15,COMPLETE,ORIGINATION_LOS
LN-1937,BW-1437,Steven Martinez,CONVENTIONAL,2023-02-07,2053-02-07,556000,547491,7.07,360,AZ,PURCHASE,D,7 years,$100k-$150k,CURRENT,0,Wells Fargo Servicing,2024-08-01,2024-08-15,COMPLETE,ORIGINATION_LOS
LN-1938,BW-1438,Barbara Anderson,JUMBO,2023-04-28,2053-04-28,570000,561524,6.57,360,KY,PURCHASE,B,5 years,$150k+,CURRENT,0,Freedom Mortgage,2024-08-01,2024-08-15,COMPLETE,ORIGINATION_LOS
LN-1939,BW-1439,Emily Gonzalez,JUMBO,2022-06-23,2052-06-23,527000,513040,6.22,360,MD,PURCHASE,A,3 years,$75k-$100k,CURRENT,0,Rocket Mortgage Servicing,2024-08-01,2024-08-15,COMPLETE,ORIGINATION_LOS
LN-1940,BW-1440,Mark Martinez,USDA,2023-03-05,2053-03-05,153000,150309,6.01,360,TN,PURCHASE,B,3 years,$75k-$100k,CURRENT,0,Wells Fargo Servicing,2024-08-01,2024-08-15,COMPLETE,ORIGINATION_LOS
LN-1941,BW-1441,Jennifer White,VA,2023-05-24,2053-05-24,180000,177421,6.41,360,OH,PURCHASE,B,9 years,$150k+,CURRENT,0,Freedom Mortgage,2024-08-01,2024-08-15,COMPLETE,ORIGINATION_LOS
LN-1942,BW-1442,Sandra Lee,VA,2023-08-25,2053-08-25,409000,405003,7.2,360,NJ,PURCHASE,D,9 years,$100k-$150k,CURRENT,0,Nationstar Mortgage,2024-08-01,2024-08-15,COMPLETE,ORIGINATION_LOS
LN-1943,BW-1443,Sandra Smith,VA,2022-12-11,2052-12-11,413000,402926,5.14,360,CO,PURCHASE,B,8 years,$50k-$75k,CURRENT,0,Chase Home Lending,2024-08-01,2024-08-15,COMPLETE,ORIGINATION_LOS
LN-1944,BW-1444,Ashley Gonzalez,USDA,2021-11-10,2051-11-10,508000,491395,6.48,360,WA,PURCHASE,B,8 years,$50k-$75k,CURRENT,0,Freedom Mortgage,2024-08-01,2024-08-15,COMPLETE,ORIGINATION_LOS
LN-1945,BW-1445,Robert Lopez,CONVENTIONAL,2022-10-06,2052-10-06,452000,444294,7.62,360,LA,PURCHASE,D,5 years,$50k-$75k,CURRENT,0,Rocket Mortgage Servicing,2024-08-01,2024-08-15,COMPLETE,ORIGINATION_LOS
LN-1946,BW-1446,Kimberly Lee,VA,2021-11-26,2051-11-26,430000,411887,5.04,360,OH,PURCHASE,D,6 years,$100k-$150k,CURRENT,0,Rocket Mortgage Servicing,2024-08-01,2024-08-15,COMPLETE,ORIGINATION_LOS
LN-1947,BW-1447,Karen Perez,FHA,2021-05-08,2051-05-08,341000,327653,6.5,360,MO,PURCHASE,D,8 years,$50k-$75k,CURRENT,0,Rocket Mortgage Servicing,2024-08-01,2024-08-15,COMPLETE,ORIGINATION_LOS
LN-1948,BW-1448,Anthony Moore,FHA,2022-11-22,2052-11-22,292000,284492,5.13,360,NJ,PURCHASE,C,10 years,$150k+,CURRENT,0,Chase Home Lending,2024-08-01,2024-08-15,COMPLETE,ORIGINATION_LOS
LN-1949,BW-1449,Barbara Smith,CONVENTIONAL,2022-05-09,2052-05-09,584000,566218,5.67,360,WI,PURCHASE,A,9 years,$150k+,CURRENT,0,Wells Fargo Servicing,2024-08-01,2024-08-15,COMPLETE,ORIGINATION_LOS
LN-1950,BW-1450,Anthony Taylor,CONVENTIONAL,2021-03-18,2051-03-18,200000,190218,5.54,360,KY,PURCHASE,D,9 years,$150k+,CURRENT,0,PennyMac Loan Services,2024-08-01,2024-08-15,COMPLETE,ORIGINATION_LOS
LN-1951,BW-1451,James Young,JUMBO,2023-11-27,2053-11-27,496000,490345,4.8,360,AL,PURCHASE,A,5 years,$75k-$100k,CURRENT,0,Rocket Mortgage Servicing,2024-08-01,2024-08-15,COMPLETE,ORIGINATION_LOS
LN-1952,BW-1452,Christopher Hernandez,FHA,2022-10-28,2052-10-28,206000,202481,7.61,360,NY,PURCHASE,A,7 years,$50k-$75k,CURRENT,0,Nationstar Mortgage,2024-08-01,2024-08-15,COMPLETE,ORIGINATION_LOS
LN-1953,BW-1453,Sarah Hill,USDA,2021-08-23,2051-08-23,486000,470664,7.2,360,OR,PURCHASE,B,12 years,$75k-$100k,CURRENT,0,Freedom Mortgage,2024-08-01,2024-08-15,COMPLETE,ORIGINATION_LOS
LN-1954,BW-1454,Linda Taylor,CONVENTIONAL,2023-10-17,2053-10-17,208000,205307,4.69,360,OK,PURCHASE,D,2 years,$150k+,CURRENT,0,Rocket Mortgage Servicing,2024-08-01,2024-08-15,COMPLETE,ORIGINATION_LOS
LN-1955,BW-1455,Donna Garcia,VA,2023-12-02,2053-12-02,380000,377417,6.92,360,AL,PURCHASE,D,9 years,$150k+,CURRENT,0,Rocket Mortgage Servicing,2024-08-01,2024-08-15,COMPLETE,ORIGINATION_LOS
LN-1956,BW-1456,Steven Thomas,USDA,2021-02-18,2051-02-18,599000,578110,7.6,360,CT,PURCHASE,D,9 years,$150k+,CURRENT,0,Chase Home Lending,2024-08-01,2024-08-15,COMPLETE,ORIGINATION_LOS
LN-1957,BW-1457,David White,USDA,2022-08-24,2052-08-24,199000,193925,5.96,360,MD,PURCHASE,C,8 years,$50k-$75k,CURRENT,0,Chase Home Lending,2024-08-01,2024-08-15,COMPLETE,ORIGINATION_LOS
LN-1958,BW-1458,Sarah Ramirez,FHA,2023-04-23,2053-04-23,160000,156575,4.57,360,UT,PURCHASE,D,9 years,$50k-$75k,CURRENT,0,Wells Fargo Servicing,2024-08-01,2024-08-15,COMPLETE,ORIGINATION_LOS
LN-1959,BW-1459,Jennifer Smith,FHA,2022-08-10,2052-08-10,185000,181228,7.17,360,AL,PURCHASE,B,6 years,$50k-$75k,CURRENT,0,Rocket Mortgage Servicing,2024-08-01,2024-08-15,COMPLETE,ORIGINATION_LOS
LN-1960,BW-1460,Matthew Taylor,CONVENTIONAL,2021-03-04,2051-03-04,265000,250116,4.72,360,PA,PURCHASE,C,8 years,$50k-$75k,CURRENT,0,Rocket Mortgage Servicing,2024-08-01,2024-08-15,COMPLETE,ORIGINATION_LOS
LN-1961,BW-1461,Paul Martinez,USDA,2022-08-27,2052-08-27,410000,398397,5.38,360,FL,PURCHASE,D,12 years,$100k-$150k,CURRENT,0,PennyMac Loan Services,2024-08-01,2024-08-15,COMPLETE,ORIGINATION_LOS
LN-1962,BW-1462,Barbara Martinez,VA,2023-04-21,2053-04-21,361000,354862,5.85,360,SC,PURCHASE,D,8 years,$150k+,CURRENT,0,Chase Home Lending,2024-08-01,2024-08-15,COMPLETE,ORIGINATION_LOS
LN-1963,BW-1463,Barbara Jackson,FHA,2023-08-25,2053-08-25,382000,376334,4.97,360,MD,PURCHASE,A,9 years,$100k-$150k,CURRENT,0,Wells Fargo Servicing,2024-08-01,2024-08-15,COMPLETE,ORIGINATION_LOS
LN-1964,BW-1464,Jennifer Rodriguez,VA,2022-06-07,2052-06-07,632000,614451,5.96,360,AL,PURCHASE,A,4 years,$150k+,CURRENT,0,PennyMac Loan Services,2024-08-01,2024-08-15,COMPLETE,ORIGINATION_LOS
LN-1965,BW-1465,Anthony Young,USDA,2021-06-24,2051-06-24,343000,332573,7.73,360,GA,PURCHASE,A,10 years,$150k+,CURRENT,0,Freedom Mortgage,2024-08-01,2024-08-15,COMPLETE,ORIGINATION_LOS
LN-1966,BW-1466,William Martinez,USDA,2022-07-18,2052-07-18,166000,162287,6.91,360,IN,PURCHASE,A,4 years,$50k-$75k,CURRENT,0,Wells Fargo Servicing,2024-08-01,2024-08-15,COMPLETE,ORIGINATION_LOS
LN-1967,BW-1467,Barbara Moore,JUMBO,2022-08-15,2052-08-15,538000,522721,5.36,360,MD,PURCHASE,D,11 years,$75k-$100k,CURRENT,0,PennyMac Loan Services,2024-08-01,2024-08-15,COMPLETE,ORIGINATION_LOS
LN-1968,BW-1468,Emily Miller,CONVENTIONAL,2021-01-23,2051-01-23,618000,588466,5.98,360,VA,PURCHASE,D,2 years,$150k+,CURRENT,0,Rocket Mortgage Servicing,2024-08-01,2024-08-15,COMPLETE,ORIGINATION_LOS
LN-1969,BW-1469,Susan Allen,USDA,2023-04-20,2053-04-20,190000,186441,5.32,360,SC,PURCHASE,D,9 years,$50k-$75k,CURRENT,0,PennyMac Loan Services,2024-08-01,2024-08-15,COMPLETE,ORIGINATION_LOS
LN-1970,BW-1470,Sarah Wright,CONVENTIONAL,2023-06-02,2053-06-02,368000,362799,6.1,360,FL,PURCHASE,D,2 years,$75k-$100k,CURRENT,0,Rocket Mortgage Servicing,2024-08-01,2024-08-15,COMPLETE,ORIGINATION_LOS
LN-1971,BW-1471,Matthew Scott,CONVENTIONAL,2021-12-17,2051-12-17,427000,410620,5.39,360,WI,PURCHASE,B,4 years,$75k-$100k,CURRENT,0,Nationstar Mortgage,2024-08-01,2024-08-15,COMPLETE,ORIGINATION_LOS
LN-1972,BW-1472,William Lopez,FHA,2021-05-04,2051-05-04,385000,367986,5.81,360,LA,PURCHASE,C,5 years,$75k-$100k,CURRENT,0,PennyMac Loan Services,2024-08-01,2024-08-15,COMPLETE,ORIGINATION_LOS
LN-1973,BW-1473,Linda Garcia,USDA,2023-05-28,2053-05-28,444000,438409,7.09,360,NV,PURCHASE,A,2 years,$75k-$100k,CURRENT,0,Chase Home Lending,2024-08-01,2024-08-15,COMPLETE,ORIGINATION_LOS
LN-1974,BW-1474,Christopher Jackson,JUMBO,2022-08-15,2052-08-15,495000,482192,5.88,360,VA,PURCHASE,D,3 years,$100k-$150k,CURRENT,0,Freedom Mortgage,2024-08-01,2024-08-15,COMPLETE,ORIGINATION_LOS
LN-1975,BW-1475,Margaret Brown,JUMBO,2023-08-04,2053-08-04,212000,209684,6.62,360,IN,PURCHASE,C,9 years,$100k-$150k,CURRENT,0,Rocket Mortgage Servicing,2024-08-01,2024-08-15,COMPLETE,ORIGINATION_LOS
LN-1976,BW-1476,Mary Hernandez,VA,2023-09-03,2053-09-03,478000,472398,5.77,360,AL,PURCHASE,A,11 years,$50k-$75k,CURRENT,0,Nationstar Mortgage,2024-08-01,2024-08-15,COMPLETE,ORIGINATION_LOS
LN-1977,BW-1477,Daniel Lee,JUMBO,2022-12-09,2052-12-09,450000,443044,7.6,360,MD,PURCHASE,A,3 years,$50k-$75k,CURRENT,0,PennyMac Loan Services,2024-08-01,2024-08-15,COMPLETE,ORIGINATION_LOS
LN-1978,BW-1478,Emily Martin,USDA,2022-03-06,2052-03-06,268000,260033,6.23,360,NC,PURCHASE,B,6 years,$150k+,CURRENT,0,Nationstar Mortgage,2024-08-01,2024-08-15,COMPLETE,ORIGINATION_LOS
LN-1979,BW-1479,Thomas Gonzalez,CONVENTIONAL,2023-09-25,2053-09-25,163000,161605,7.42,360,NY,PURCHASE,D,7 years,$150k+,CURRENT,0,Freedom Mortgage,2024-08-01,2024-08-15,COMPLETE,ORIGINATION_LOS
LN-1980,BW-1480,Elizabeth Smith,USDA,2021-02-17,2051-02-17,490000,468652,6.36,360,CO,PURCHASE,D,6 years,$50k-$75k,CURRENT,0,Chase Home Lending,2024-08-01,2024-08-15,COMPLETE,ORIGINATION_LOS
LN-1981,BW-1481,Sarah Hernandez,VA,2021-10-11,2051-10-11,275000,265425,6.31,360,TX,PURCHASE,A,12 years,$100k-$150k,CURRENT,0,Nationstar Mortgage,2024-08-01,2024-08-15,COMPLETE,ORIGINATION_LOS
LN-1982,BW-1482,Matthew Rodriguez,CONVENTIONAL,2023-11-27,2053-11-27,585000,580145,6.51,360,NJ,PURCHASE,C,10 years,$75k-$100k,CURRENT,0,Rocket Mortgage Servicing,2024-08-01,2024-08-15,COMPLETE,ORIGINATION_LOS
LN-1983,BW-1483,Charles Rodriguez,JUMBO,2023-05-01,2053-05-01,292000,288017,6.67,360,VA,PURCHASE,D,6 years,$150k+,CURRENT,0,Rocket Mortgage Servicing,2024-08-01,2024-08-15,COMPLETE,ORIGINATION_LOS
LN-1984,BW-1484,Daniel Sanchez,VA,2023-05-11,2053-05-11,600000,592773,7.32,360,IL,PURCHASE,D,10 years,$150k+,CURRENT,0,Rocket Mortgage Servicing,2024-08-01,2024-08-15,COMPLETE,ORIGINATION_LOS
LN-1985,BW-1485,Emily Smith,USDA,2022-03-17,2052-03-17,320000,312768,7.71,360,UT,PURCHASE,A,11 years,$75k-$100k,CURRENT,0,Nationstar Mortgage,2024-08-01,2024-08-15,COMPLETE,ORIGINATION_LOS
LN-1986,BW-1486,John Nguyen,USDA,2023-04-05,2053-04-05,642000,632912,6.83,360,AZ,PURCHASE,A,4 years,$50k-$75k,CURRENT,0,Wells Fargo Servicing,2024-08-01,2024-08-15,COMPLETE,ORIGINATION_LOS
LN-1987,BW-1487,Nancy Sanchez,USDA,2023-04-24,2053-04-24,552000,542510,5.79,360,NC,PURCHASE,B,8 years,$75k-$100k,CURRENT,0,Wells Fargo Servicing,2024-08-01,2024-08-15,COMPLETE,ORIGINATION_LOS
LN-1988,BW-1488,Emily Robinson,JUMBO,2023-12-01,2053-12-01,327000,324350,6,360,MN,PURCHASE,A,10 years,$100k-$150k,CURRENT,0,Wells Fargo Servicing,2024-08-01,2024-08-15,COMPLETE,ORIGINATION_LOS
LN-1989,BW-1489,Charles Gonzalez,JUMBO,2021-12-18,2051-12-18,383000,367550,5.1,360,NC,PURCHASE,B,4 years,$50k-$75k,CURRENT,0,Wells Fargo Servicing,2024-08-01,2024-08-15,COMPLETE,ORIGINATION_LOS
LN-1990,BW-1490,Sandra Clark,FHA,2022-10-02,2052-10-02,241000,234020,4.73,360,NY,PURCHASE,D,4 years,$50k-$75k,CURRENT,0,Chase Home Lending,2024-08-01,2024-08-15,COMPLETE,ORIGINATION_LOS
LN-1991,BW-1491,Ashley Thomas,FHA,2021-12-17,2051-12-17,546000,526509,5.8,360,MO,PURCHASE,D,7 years,$150k+,CURRENT,0,Rocket Mortgage Servicing,2024-08-01,2024-08-15,COMPLETE,ORIGINATION_LOS
LN-1992,BW-1492,Joseph Lopez,JUMBO,2021-08-21,2051-08-21,272000,261918,6.31,360,MA,PURCHASE,B,11 years,$150k+,CURRENT,0,Chase Home Lending,2024-08-01,2024-08-15,COMPLETE,ORIGINATION_LOS
LN-1993,BW-1493,David Miller,JUMBO,2021-08-28,2051-08-28,558000,540067,7.1,360,KY,PURCHASE,B,10 years,$100k-$150k,CURRENT,0,PennyMac Loan Services,2024-08-01,2024-08-15,COMPLETE,ORIGINATION_LOS
LN-1994,BW-1494,Susan Scott,FHA,2023-03-26,2053-03-26,436000,430500,7.76,360,MI,PURCHASE,C,6 years,$75k-$100k,CURRENT,0,Rocket Mortgage Servicing,2024-08-01,2024-08-15,COMPLETE,ORIGINATION_LOS
LN-1995,BW-1495,Emily Hernandez,CONVENTIONAL,2023-12-10,2053-12-10,168000,167018,7.69,360,NC,PURCHASE,A,12 years,$100k-$150k,CURRENT,0,Nationstar Mortgage,2024-08-01,2024-08-15,COMPLETE,ORIGINATION_LOS
LN-1996,BW-1496,Andrew Gonzalez,JUMBO,2023-07-02,2053-07-02,388000,382230,5.41,360,NY,PURCHASE,A,9 years,$50k-$75k,CURRENT,0,Nationstar Mortgage,2024-08-01,2024-08-15,COMPLETE,ORIGINATION_LOS
LN-1997,BW-1497,Sandra Moore,CONVENTIONAL,2022-01-27,2052-01-27,152000,147533,6.69,360,OR,PURCHASE,A,7 years,$50k-$75k,CURRENT,0,PennyMac Loan Services,2024-08-01,2024-08-15,COMPLETE,ORIGINATION_LOS
LN-1998,BW-1498,Karen Wright,CONVENTIONAL,2021-01-15,2051-01-15,311000,292848,4.8,360,CO,PURCHASE,D,4 years,$75k-$100k,CURRENT,0,Rocket Mortgage Servicing,2024-08-01,2024-08-15,COMPLETE,ORIGINATION_LOS
LN-1999,BW-1499,Daniel Walker,JUMBO,2023-11-08,2053-11-08,642000,636176,6.04,360,WA,PURCHASE,A,10 years,$50k-$75k,CURRENT,0,Wells Fargo Servicing,2024-08-01,2024-08-15,COMPLETE,ORIGINATION_LOS
LN-2000,BW-1500,Linda Robinson,USDA,2021-06-01,2051-06-01,545000,519568,5.33,360,LA,PURCHASE,B,4 years,$150k+,CURRENT,0,Nationstar Mortgage,2024-08-01,2024-08-15,COMPLETE,ORIGINATION_LOS